idade,renda_mensal,historico_credito,tempo_emprego,tipo_residencia,estado_civil,numero_dependentes,valor_solicitado,finalidade_credito,risco
56,1090.33,Ruim,14,Própria,Solteiro,1,26978.03,Negócio,Alto Risco
69,3805.2,Bom,3,Própria,Casado,0,24718.47,Imóvel,Alto Risco
46,2365.47,Bom,11,Própria,Casado,3,16528.29,Imóvel,Baixo Risco
32,1366.62,Regular,5,Alugada,Divorciado,0,9989.08,Educação,Alto Risco
60,2530.14,Ruim,18,Financiada,Solteiro,3,15442.09,Imóvel,Alto Risco
25,1877.68,Regular,3,Familiar,Casado,0,19888.7,Veículo,Alto Risco
38,6030.71,Bom,14,Própria,Casado,0,18667.81,Imóvel,Baixo Risco
56,4822.46,Bom,8,Alugada,Divorciado,3,28917.27,Imóvel,Baixo Risco
36,3488.04,Regular,4,Alugada,Casado,2,12919.18,Educação,Baixo Risco
40,5719.92,Excelente,12,Alugada,Divorciado,2,4593.26,Educação,Baixo Risco
28,3616.05,Regular,22,Alugada,Solteiro,5,3181.75,Pessoal,Baixo Risco
28,2208.07,Bom,17,Alugada,Casado,1,1581.67,Veículo,Baixo Risco
41,5784.69,Regular,4,Alugada,Casado,1,16570.23,Pessoal,Baixo Risco
53,4308.37,Excelente,24,Própria,Divorciado,0,13125.05,Pessoal,Baixo Risco
57,1944.13,Regular,15,Financiada,Solteiro,0,15261.24,Imóvel,Alto Risco
41,3214.49,Bom,18,Própria,Solteiro,0,10703.52,Educação,Baixo Risco
20,2186.57,Regular,13,Alugada,Solteiro,4,6118.67,Pessoal,Alto Risco
39,1425.8,Excelente,24,Alugada,Solteiro,2,19914.69,Veículo,Alto Risco
19,4889.27,Regular,15,Alugada,Solteiro,0,1000.0,Negócio,Baixo Risco
41,6364.12,Regular,14,Familiar,Viúvo,2,8587.24,Educação,Baixo Risco
61,1402.15,Regular,21,Financiada,Casado,1,21291.92,Veículo,Alto Risco
47,4344.45,Regular,3,Financiada,Casado,0,7793.29,Educação,Baixo Risco
55,2524.04,Regular,6,Alugada,Casado,1,18133.4,Veículo,Alto Risco
19,2769.31,Ruim,15,Financiada,Casado,2,8597.93,Pessoal,Alto Risco
38,2611.41,Bom,23,Alugada,Solteiro,2,11353.24,Pessoal,Baixo Risco
50,2204.01,Ruim,21,Financiada,Solteiro,4,19599.36,Pessoal,Alto Risco
29,3572.78,Bom,20,Alugada,Solteiro,2,4777.21,Veículo,Baixo Risco
39,2253.57,Excelente,21,Familiar,Casado,0,20962.23,Negócio,Baixo Risco
61,3905.69,Excelente,20,Familiar,Casado,1,15367.36,Educação,Baixo Risco
42,3424.64,Bom,7,Financiada,Solteiro,0,25051.51,Veículo,Baixo Risco
66,3141.58,Regular,16,Própria,Casado,2,16665.2,Veículo,Alto Risco
44,2138.65,Regular,15,Própria,Divorciado,3,6444.11,Pessoal,Baixo Risco
59,2634.84,Regular,22,Financiada,Divorciado,4,28823.96,Imóvel,Alto Risco
45,4633.09,Regular,9,Própria,Divorciado,0,7112.46,Educação,Baixo Risco
33,4251.38,Bom,9,Financiada,Casado,1,13182.75,Pessoal,Baixo Risco
32,2033.67,Excelente,1,Alugada,Solteiro,2,22659.27,Pessoal,Alto Risco
64,3649.0,Bom,8,Alugada,Casado,1,1000.0,Imóvel,Baixo Risco
68,4627.08,Bom,16,Familiar,Solteiro,1,26517.35,Imóvel,Baixo Risco
61,1000.0,Excelente,10,Alugada,Casado,1,5792.93,Veículo,Alto Risco
69,4315.04,Bom,9,Alugada,Casado,0,11360.0,Imóvel,Baixo Risco
20,2506.06,Regular,21,Alugada,Solteiro,3,17310.86,Imóvel,Alto Risco
54,4355.9,Regular,24,Própria,Casado,1,14666.35,Pessoal,Baixo Risco
68,2355.11,Ruim,16,Financiada,Divorciado,0,21313.41,Veículo,Alto Risco
24,1000.0,Ruim,3,Própria,Solteiro,1,2193.54,Veículo,Alto Risco
38,1058.69,Regular,15,Familiar,Divorciado,1,20819.61,Educação,Alto Risco
26,3572.13,Bom,19,Financiada,Solteiro,2,21457.94,Negócio,Baixo Risco
56,3889.58,Regular,14,Própria,Casado,1,23233.81,Educação,Baixo Risco
35,2143.53,Regular,24,Financiada,Casado,1,2282.71,Imóvel,Baixo Risco
21,4457.89,Excelente,20,Alugada,Casado,2,3248.52,Imóvel,Baixo Risco
42,1007.72,Bom,4,Própria,Divorciado,0,12260.99,Imóvel,Alto Risco
31,3400.88,Ruim,5,Familiar,Divorciado,1,4113.39,Negócio,Baixo Risco
67,1683.48,Bom,16,Própria,Casado,2,1000.0,Pessoal,Baixo Risco
26,2522.25,Regular,0,Própria,Solteiro,4,11916.29,Veículo,Alto Risco
43,3571.1,Regular,24,Alugada,Divorciado,0,16872.73,Imóvel,Baixo Risco
19,2209.38,Excelente,18,Alugada,Solteiro,2,37391.84,Imóvel,Alto Risco
37,2923.17,Bom,3,Alugada,Divorciado,2,19389.4,Pessoal,Alto Risco
45,5009.44,Bom,16,Financiada,Solteiro,1,29018.16,Imóvel,Baixo Risco
64,2634.66,Excelente,8,Alugada,Solteiro,1,14646.79,Educação,Baixo Risco
24,4753.54,Excelente,23,Alugada,Casado,1,19476.53,Veículo,Baixo Risco
61,1805.44,Ruim,1,Própria,Solteiro,2,13830.9,Educação,Alto Risco
25,4294.71,Bom,7,Própria,Solteiro,1,36464.99,Veículo,Baixo Risco
64,5662.35,Regular,14,Própria,Solteiro,0,9515.27,Negócio,Baixo Risco
52,1000.0,Bom,6,Própria,Solteiro,1,10600.21,Veículo,Alto Risco
31,2304.66,Ruim,5,Alugada,Solteiro,1,21372.33,Imóvel,Alto Risco
34,4365.61,Bom,0,Própria,Solteiro,1,16659.78,Pessoal,Baixo Risco
53,3195.43,Bom,14,Própria,Casado,1,11606.7,Pessoal,Baixo Risco
67,4056.72,Ruim,22,Própria,Solteiro,3,22683.02,Imóvel,Alto Risco
57,2594.02,Ruim,6,Familiar,Casado,0,14670.82,Veículo,Alto Risco
21,3629.88,Excelente,24,Familiar,Solteiro,0,14614.43,Veículo,Baixo Risco
19,3266.48,Ruim,16,Alugada,Divorciado,0,16844.66,Pessoal,Alto Risco
23,5251.67,Bom,1,Familiar,Divorciado,1,1127.03,Educação,Baixo Risco
59,3881.63,Bom,8,Financiada,Solteiro,0,2253.97,Educação,Baixo Risco
21,4006.4,Excelente,8,Alugada,Casado,0,23695.16,Pessoal,Baixo Risco
46,2882.18,Excelente,12,Própria,Divorciado,0,9584.31,Imóvel,Baixo Risco
35,2768.59,Regular,5,Financiada,Viúvo,0,13936.39,Educação,Alto Risco
43,2851.16,Bom,5,Financiada,Casado,0,27899.51,Imóvel,Baixo Risco
61,4091.68,Bom,19,Alugada,Solteiro,1,14297.06,Veículo,Baixo Risco
51,2868.52,Regular,19,Financiada,Casado,0,13319.29,Imóvel,Baixo Risco
27,3934.66,Regular,20,Alugada,Casado,1,22168.62,Pessoal,Baixo Risco
53,6613.1,Excelente,2,Financiada,Casado,0,10213.88,Veículo,Baixo Risco
31,4806.69,Regular,16,Familiar,Solteiro,0,24623.43,Pessoal,Baixo Risco
48,3010.96,Excelente,16,Própria,Divorciado,2,22004.46,Imóvel,Baixo Risco
65,5301.82,Regular,11,Financiada,Viúvo,0,29642.67,Pessoal,Alto Risco
32,2887.89,Regular,15,Alugada,Solteiro,1,9477.26,Negócio,Baixo Risco
25,1000.0,Ruim,14,Alugada,Solteiro,0,25935.8,Veículo,Alto Risco
31,1987.87,Excelente,12,Financiada,Solteiro,3,19432.74,Pessoal,Baixo Risco
40,1000.0,Excelente,22,Própria,Divorciado,0,4397.07,Veículo,Baixo Risco
57,2972.73,Bom,0,Alugada,Casado,0,1000.0,Pessoal,Baixo Risco
38,3527.63,Bom,16,Própria,Casado,1,8615.78,Veículo,Baixo Risco
33,6014.66,Bom,2,Alugada,Casado,3,17338.78,Veículo,Baixo Risco
62,3990.39,Ruim,14,Alugada,Casado,1,18498.78,Pessoal,Alto Risco
35,3171.35,Bom,3,Financiada,Solteiro,1,14527.35,Pessoal,Baixo Risco
64,4744.11,Bom,3,Própria,Casado,0,14598.97,Veículo,Baixo Risco
41,1000.0,Regular,17,Alugada,Casado,0,13992.05,Pessoal,Alto Risco
43,3853.42,Bom,16,Própria,Viúvo,1,23249.74,Educação,Baixo Risco
42,4656.3,Regular,18,Financiada,Divorciado,2,3509.68,Imóvel,Baixo Risco
62,1282.12,Excelente,10,Familiar,Divorciado,1,17146.32,Imóvel,Alto Risco
58,5215.63,Bom,19,Familiar,Casado,4,8417.99,Veículo,Baixo Risco
46,4007.74,Excelente,2,Financiada,Casado,0,7747.67,Imóvel,Baixo Risco
32,2877.07,Excelente,7,Financiada,Casado,2,24409.84,Negócio,Baixo Risco
62,4449.17,Ruim,13,Própria,Divorciado,0,7133.9,Pessoal,Alto Risco
18,6906.04,Excelente,0,Própria,Solteiro,1,13883.85,Pessoal,Baixo Risco
42,3772.8,Regular,13,Alugada,Solteiro,1,30667.99,Pessoal,Baixo Risco
24,3872.33,Bom,1,Financiada,Solteiro,0,21704.62,Pessoal,Alto Risco
26,2810.96,Bom,22,Familiar,Casado,0,11360.24,Pessoal,Baixo Risco
41,2225.23,Ruim,3,Própria,Solteiro,3,12021.02,Imóvel,Alto Risco
18,4745.5,Excelente,23,Familiar,Solteiro,0,5182.38,Veículo,Baixo Risco
61,2215.87,Regular,18,Alugada,Solteiro,2,25405.16,Negócio,Alto Risco
25,3607.35,Ruim,5,Alugada,Solteiro,1,23090.81,Pessoal,Alto Risco
41,2783.51,Regular,24,Própria,Divorciado,0,20492.82,Veículo,Alto Risco
28,4218.47,Ruim,0,Própria,Solteiro,0,21374.66,Negócio,Alto Risco
68,4000.49,Excelente,16,Alugada,Casado,1,8803.8,Educação,Baixo Risco
34,5056.31,Bom,7,Alugada,Casado,3,2616.7,Veículo,Baixo Risco
25,2734.98,Bom,18,Própria,Divorciado,0,19484.32,Imóvel,Baixo Risco
52,3095.19,Regular,20,Alugada,Solteiro,0,22108.46,Educação,Baixo Risco
52,2031.85,Ruim,0,Financiada,Viúvo,0,27856.37,Veículo,Alto Risco
50,2833.56,Bom,4,Financiada,Casado,3,13392.88,Pessoal,Baixo Risco
22,4065.95,Regular,15,Familiar,Viúvo,1,12225.99,Educação,Baixo Risco
59,4635.48,Excelente,5,Própria,Divorciado,0,13085.92,Veículo,Baixo Risco
56,2116.75,Regular,7,Própria,Solteiro,2,20365.95,Pessoal,Alto Risco
58,4804.41,Bom,12,Financiada,Solteiro,2,12743.29,Veículo,Baixo Risco
45,5533.46,Ruim,15,Alugada,Solteiro,1,14582.09,Veículo,Baixo Risco
24,4120.15,Regular,2,Própria,Casado,0,21648.42,Educação,Alto Risco
26,6315.19,Bom,18,Própria,Solteiro,2,9993.31,Pessoal,Baixo Risco
25,2339.32,Excelente,11,Alugada,Solteiro,2,26129.23,Educação,Baixo Risco
29,1633.02,Excelente,15,Própria,Casado,1,20064.71,Veículo,Alto Risco
51,1000.0,Bom,10,Própria,Solteiro,1,1000.0,Veículo,Baixo Risco
50,5744.07,Bom,9,Própria,Solteiro,1,10877.17,Pessoal,Baixo Risco
65,4481.55,Ruim,24,Própria,Casado,1,1000.0,Imóvel,Alto Risco
40,3416.62,Regular,19,Alugada,Solteiro,1,13426.56,Negócio,Baixo Risco
41,3919.95,Regular,3,Alugada,Casado,0,11013.51,Veículo,Baixo Risco
54,1811.77,Excelente,11,Alugada,Casado,3,21678.84,Pessoal,Alto Risco
52,7168.63,Ruim,22,Própria,Casado,2,7951.85,Imóvel,Baixo Risco
61,3693.83,Regular,1,Própria,Divorciado,0,18101.88,Educação,Alto Risco
57,3664.09,Excelente,23,Alugada,Casado,3,19550.78,Pessoal,Baixo Risco
39,4588.65,Regular,21,Alugada,Casado,1,17057.56,Imóvel,Baixo Risco
44,4221.51,Regular,18,Alugada,Casado,2,24120.99,Imóvel,Baixo Risco
52,3835.83,Excelente,24,Própria,Divorciado,1,31546.31,Veículo,Baixo Risco
18,2314.29,Bom,4,Familiar,Divorciado,2,15895.54,Veículo,Alto Risco
52,4207.2,Bom,7,Própria,Divorciado,1,18241.44,Pessoal,Baixo Risco
54,6323.04,Excelente,6,Alugada,Casado,0,7957.78,Educação,Baixo Risco
64,5518.13,Ruim,13,Alugada,Solteiro,2,6843.81,Imóvel,Alto Risco
31,5889.78,Ruim,23,Alugada,Solteiro,0,23270.64,Veículo,Alto Risco
20,2733.18,Regular,22,Própria,Solteiro,1,22212.2,Veículo,Alto Risco
18,2015.59,Bom,2,Alugada,Divorciado,1,6763.04,Pessoal,Alto Risco
22,3311.32,Bom,17,Financiada,Casado,3,4534.24,Educação,Baixo Risco
43,3583.59,Regular,15,Própria,Casado,0,9810.11,Veículo,Baixo Risco
31,5141.29,Regular,22,Própria,Solteiro,0,13868.98,Veículo,Baixo Risco
56,1000.0,Excelente,18,Própria,Divorciado,2,11726.99,Veículo,Alto Risco
44,5794.33,Regular,18,Financiada,Solteiro,2,16284.12,Veículo,Baixo Risco
26,3262.99,Ruim,17,Própria,Solteiro,0,22336.5,Pessoal,Alto Risco
32,2859.68,Bom,19,Familiar,Casado,0,18696.84,Pessoal,Baixo Risco
32,1981.84,Excelente,15,Alugada,Casado,0,19288.97,Pessoal,Baixo Risco
43,1017.71,Regular,7,Familiar,Casado,2,1000.0,Educação,Baixo Risco
59,4734.76,Bom,0,Familiar,Divorciado,3,2088.78,Pessoal,Baixo Risco
30,3609.98,Bom,16,Alugada,Solteiro,0,8628.35,Pessoal,Baixo Risco
68,1565.06,Excelente,11,Própria,Casado,2,9948.85,Educação,Alto Risco
49,1557.38,Bom,20,Própria,Casado,1,21718.62,Pessoal,Alto Risco
56,2996.32,Regular,10,Própria,Solteiro,4,7968.79,Imóvel,Baixo Risco
66,6003.53,Regular,4,Financiada,Divorciado,1,20335.42,Veículo,Alto Risco
69,3110.61,Bom,11,Própria,Casado,2,8719.15,Pessoal,Baixo Risco
49,1245.29,Ruim,16,Própria,Casado,2,5392.93,Veículo,Alto Risco
21,3131.39,Ruim,5,Alugada,Divorciado,2,5764.4,Pessoal,Alto Risco
47,3090.91,Ruim,0,Familiar,Casado,2,33066.13,Educação,Alto Risco
54,1000.0,Bom,4,Própria,Solteiro,1,8541.08,Veículo,Alto Risco
40,3418.56,Bom,24,Própria,Casado,1,20527.9,Pessoal,Baixo Risco
56,3153.6,Ruim,13,Própria,Solteiro,1,2534.41,Pessoal,Baixo Risco
62,4544.31,Regular,4,Familiar,Solteiro,4,26351.43,Veículo,Alto Risco
32,6273.43,Excelente,21,Alugada,Solteiro,0,17792.33,Pessoal,Baixo Risco
60,5189.85,Excelente,23,Própria,Casado,0,17191.83,Pessoal,Baixo Risco
46,3096.67,Bom,0,Própria,Casado,2,18310.62,Veículo,Alto Risco
53,1840.21,Ruim,17,Própria,Solteiro,1,19192.0,Educação,Alto Risco
30,7360.04,Regular,15,Própria,Casado,0,21472.54,Veículo,Baixo Risco
49,3588.83,Bom,8,Familiar,Divorciado,4,10207.22,Imóvel,Baixo Risco
24,3520.89,Excelente,18,Financiada,Solteiro,1,9739.29,Educação,Baixo Risco
68,3463.81,Regular,21,Alugada,Solteiro,0,15393.79,Pessoal,Baixo Risco
39,3797.13,Ruim,4,Financiada,Casado,3,20475.42,Educação,Alto Risco
45,3283.46,Bom,1,Própria,Solteiro,0,14466.76,Educação,Baixo Risco
19,2639.51,Regular,14,Financiada,Casado,1,21191.21,Veículo,Alto Risco
59,2679.71,Ruim,6,Financiada,Solteiro,1,19942.69,Negócio,Alto Risco
62,3450.87,Bom,3,Própria,Casado,0,13264.13,Pessoal,Baixo Risco
23,2684.86,Regular,0,Financiada,Casado,2,1022.56,Pessoal,Alto Risco
45,2430.73,Bom,12,Própria,Casado,0,10971.78,Educação,Baixo Risco
45,3659.65,Regular,19,Própria,Divorciado,1,28942.38,Veículo,Baixo Risco
61,3117.53,Regular,21,Própria,Divorciado,2,17720.48,Veículo,Alto Risco
61,5755.99,Regular,6,Alugada,Casado,1,9883.6,Pessoal,Baixo Risco
37,1000.0,Regular,14,Financiada,Casado,1,17005.21,Educação,Alto Risco
47,5137.26,Bom,22,Familiar,Solteiro,1,20413.15,Educação,Baixo Risco
28,5369.13,Ruim,13,Alugada,Casado,2,9887.48,Imóvel,Baixo Risco
45,1000.0,Regular,22,Financiada,Solteiro,1,24883.07,Negócio,Alto Risco
42,2985.97,Excelente,18,Financiada,Divorciado,1,18965.58,Veículo,Baixo Risco
56,2942.84,Regular,21,Própria,Solteiro,0,6200.73,Pessoal,Baixo Risco
50,1388.73,Regular,23,Alugada,Casado,1,21850.93,Imóvel,Alto Risco
18,2333.27,Bom,19,Própria,Solteiro,5,11723.09,Educação,Alto Risco
44,1834.14,Ruim,23,Alugada,Casado,1,13566.96,Pessoal,Alto Risco
69,6128.41,Ruim,17,Familiar,Divorciado,1,6872.25,Pessoal,Alto Risco
30,4903.52,Bom,9,Própria,Casado,2,20051.57,Educação,Baixo Risco
58,5407.33,Ruim,8,Financiada,Divorciado,1,13809.08,Negócio,Baixo Risco
20,4582.51,Excelente,24,Alugada,Solteiro,2,20390.06,Imóvel,Baixo Risco
56,1806.42,Bom,7,Alugada,Casado,0,10592.14,Pessoal,Alto Risco
23,2713.22,Excelente,9,Própria,Divorciado,0,9676.77,Negócio,Baixo Risco
25,4234.06,Ruim,16,Própria,Solteiro,0,9028.5,Educação,Baixo Risco
44,1666.81,Regular,1,Própria,Viúvo,2,18168.26,Veículo,Alto Risco
26,4569.5,Excelente,5,Própria,Solteiro,3,9557.2,Educação,Baixo Risco
54,3139.51,Bom,4,Própria,Solteiro,1,13375.1,Educação,Baixo Risco
50,2937.77,Regular,8,Alugada,Divorciado,0,10852.58,Negócio,Baixo Risco
68,4566.44,Excelente,4,Própria,Solteiro,0,18520.67,Educação,Baixo Risco
59,4166.39,Ruim,17,Financiada,Viúvo,3,1117.58,Imóvel,Baixo Risco
61,2958.55,Ruim,19,Alugada,Viúvo,1,16976.26,Imóvel,Alto Risco
41,5238.99,Regular,8,Alugada,Solteiro,0,28850.75,Veículo,Baixo Risco
32,1878.41,Ruim,16,Alugada,Casado,4,24888.21,Imóvel,Alto Risco
49,4423.9,Bom,16,Alugada,Solteiro,0,10066.78,Educação,Baixo Risco
49,4389.65,Ruim,11,Familiar,Casado,1,18956.81,Negócio,Alto Risco
41,3035.68,Regular,6,Própria,Solteiro,2,17404.52,Veículo,Baixo Risco
58,3989.2,Regular,2,Própria,Solteiro,0,26755.14,Imóvel,Alto Risco
69,1623.33,Excelente,9,Financiada,Casado,0,1000.0,Veículo,Baixo Risco
66,4886.04,Ruim,1,Própria,Casado,1,23902.94,Imóvel,Alto Risco
66,3222.65,Bom,24,Própria,Viúvo,2,12859.86,Imóvel,Baixo Risco
69,2715.92,Excelente,2,Própria,Divorciado,0,9054.17,Pessoal,Baixo Risco
29,5073.51,Excelente,15,Própria,Casado,0,8825.58,Veículo,Baixo Risco
56,2443.48,Regular,1,Alugada,Casado,1,4600.75,Pessoal,Alto Risco
19,1387.31,Regular,23,Própria,Divorciado,1,10087.05,Pessoal,Alto Risco
20,1165.06,Regular,9,Financiada,Solteiro,2,6362.13,Educação,Alto Risco
66,4409.01,Ruim,5,Financiada,Casado,1,16441.74,Pessoal,Alto Risco
54,1579.36,Excelente,21,Alugada,Viúvo,0,19719.5,Veículo,Alto Risco
66,6132.19,Regular,10,Alugada,Solteiro,3,12947.41,Pessoal,Baixo Risco
34,1000.0,Excelente,22,Financiada,Casado,3,26997.79,Pessoal,Alto Risco
66,6044.68,Ruim,6,Própria,Divorciado,3,10612.63,Educação,Alto Risco
19,3816.53,Ruim,14,Financiada,Divorciado,1,12529.1,Veículo,Alto Risco
19,3354.93,Regular,5,Financiada,Casado,1,11216.47,Educação,Baixo Risco
45,2682.62,Regular,19,Financiada,Solteiro,2,19788.95,Veículo,Alto Risco
40,4098.7,Bom,8,Alugada,Solteiro,0,20596.59,Pessoal,Baixo Risco
54,3443.55,Bom,21,Própria,Solteiro,0,18962.94,Veículo,Baixo Risco
49,5154.95,Ruim,19,Alugada,Casado,1,14007.13,Imóvel,Baixo Risco
50,3671.34,Bom,11,Financiada,Solteiro,0,4275.02,Imóvel,Baixo Risco
18,3725.45,Bom,18,Própria,Divorciado,0,12444.48,Negócio,Baixo Risco
36,2954.58,Bom,19,Financiada,Solteiro,1,26825.12,Imóvel,Baixo Risco
19,3414.58,Ruim,2,Própria,Solteiro,1,23105.9,Veículo,Alto Risco
61,3961.7,Bom,14,Própria,Casado,1,17352.4,Educação,Baixo Risco
43,1000.0,Excelente,1,Própria,Casado,1,11924.38,Negócio,Alto Risco
49,1477.72,Regular,20,Própria,Solteiro,4,14891.05,Veículo,Alto Risco
23,4614.9,Ruim,1,Alugada,Casado,2,11959.97,Pessoal,Alto Risco
49,3756.3,Excelente,21,Própria,Casado,2,24544.41,Imóvel,Baixo Risco
21,3224.02,Bom,2,Familiar,Solteiro,0,8288.26,Veículo,Baixo Risco
28,3527.65,Excelente,5,Alugada,Solteiro,0,22389.35,Negócio,Baixo Risco
34,4021.37,Bom,14,Própria,Divorciado,1,10766.38,Veículo,Baixo Risco
55,2690.36,Bom,9,Alugada,Casado,0,25567.41,Pessoal,Baixo Risco
41,2332.54,Regular,8,Financiada,Solteiro,0,18414.21,Negócio,Alto Risco
22,3793.77,Regular,0,Financiada,Divorciado,2,9004.9,Educação,Alto Risco
69,2032.44,Regular,15,Própria,Viúvo,0,12525.5,Pessoal,Alto Risco
51,4112.38,Bom,5,Financiada,Casado,0,20693.12,Negócio,Baixo Risco
23,1000.0,Ruim,8,Financiada,Casado,2,11006.86,Veículo,Alto Risco
39,5043.73,Bom,3,Própria,Divorciado,0,15177.09,Veículo,Baixo Risco
28,4208.9,Ruim,1,Própria,Viúvo,2,10896.45,Negócio,Alto Risco
65,3884.04,Regular,3,Alugada,Casado,0,29072.94,Veículo,Alto Risco
33,4974.04,Excelente,0,Própria,Casado,2,30448.58,Pessoal,Baixo Risco
50,5998.21,Regular,18,Financiada,Casado,2,26704.99,Veículo,Baixo Risco
26,5021.56,Bom,24,Própria,Casado,2,14005.01,Imóvel,Baixo Risco
23,1000.0,Regular,9,Familiar,Solteiro,1,11777.98,Pessoal,Alto Risco
33,1580.63,Excelente,20,Alugada,Casado,1,8766.69,Imóvel,Baixo Risco
46,2562.77,Excelente,14,Própria,Divorciado,2,27285.77,Imóvel,Baixo Risco
20,3539.14,Ruim,21,Própria,Casado,2,22445.79,Veículo,Alto Risco
37,4276.49,Bom,18,Alugada,Casado,2,22830.09,Imóvel,Baixo Risco
53,2411.38,Ruim,15,Financiada,Casado,1,13000.58,Educação,Alto Risco
36,3780.15,Bom,20,Financiada,Solteiro,0,1000.0,Veículo,Baixo Risco
43,2366.93,Regular,23,Própria,Casado,2,2776.34,Veículo,Baixo Risco
20,2582.72,Regular,21,Própria,Casado,1,15461.07,Pessoal,Alto Risco
36,1390.01,Regular,3,Própria,Solteiro,2,10818.61,Imóvel,Alto Risco
37,2115.15,Bom,1,Alugada,Solteiro,0,9898.39,Educação,Alto Risco
49,1472.47,Bom,24,Própria,Viúvo,3,17761.19,Veículo,Alto Risco
24,2036.19,Excelente,12,Alugada,Solteiro,1,23109.28,Veículo,Alto Risco
69,5080.46,Bom,0,Alugada,Solteiro,2,9390.18,Veículo,Baixo Risco
58,2075.9,Regular,16,Familiar,Viúvo,1,4555.12,Imóvel,Baixo Risco
50,7448.57,Ruim,12,Própria,Casado,2,9580.23,Pessoal,Baixo Risco
57,4239.98,Ruim,3,Própria,Casado,1,6648.29,Educação,Alto Risco
56,3777.25,Regular,6,Alugada,Divorciado,1,19742.66,Pessoal,Baixo Risco
35,2212.46,Regular,16,Alugada,Solteiro,1,14967.13,Imóvel,Alto Risco
57,4550.46,Regular,8,Própria,Casado,2,30043.91,Veículo,Baixo Risco
18,2636.54,Bom,3,Familiar,Casado,2,20877.48,Imóvel,Alto Risco
28,3683.01,Ruim,18,Financiada,Divorciado,0,29510.85,Pessoal,Alto Risco
45,7340.13,Regular,0,Própria,Casado,1,3769.0,Imóvel,Baixo Risco
42,3355.91,Regular,9,Própria,Casado,0,1000.0,Pessoal,Baixo Risco
67,5223.91,Excelente,3,Alugada,Casado,1,16943.94,Pessoal,Baixo Risco
40,2445.24,Bom,8,Financiada,Casado,0,15985.76,Veículo,Baixo Risco
48,3447.52,Bom,12,Própria,Casado,0,14017.72,Imóvel,Baixo Risco
47,6156.2,Ruim,13,Alugada,Casado,0,15766.37,Pessoal,Baixo Risco
59,2559.55,Regular,9,Alugada,Casado,0,6007.79,Pessoal,Baixo Risco
52,6218.67,Bom,5,Própria,Casado,1,19505.43,Educação,Baixo Risco
24,4561.63,Ruim,15,Alugada,Casado,1,20889.55,Educação,Alto Risco
33,2656.3,Excelente,5,Familiar,Casado,1,5402.01,Pessoal,Baixo Risco
43,4448.61,Bom,16,Própria,Divorciado,2,12170.91,Imóvel,Baixo Risco
65,4958.83,Excelente,9,Própria,Casado,2,12665.09,Veículo,Baixo Risco
69,4432.71,Regular,17,Alugada,Divorciado,3,9633.51,Imóvel,Baixo Risco
66,1144.66,Ruim,21,Financiada,Divorciado,4,5711.1,Educação,Alto Risco
19,2409.29,Bom,17,Familiar,Casado,1,15100.04,Pessoal,Alto Risco
18,3128.72,Ruim,2,Alugada,Casado,0,17086.44,Educação,Alto Risco
65,3388.35,Bom,19,Financiada,Divorciado,1,10118.54,Veículo,Baixo Risco
29,4431.01,Ruim,20,Alugada,Casado,0,6273.69,Imóvel,Baixo Risco
22,3766.55,Regular,24,Alugada,Divorciado,1,18284.46,Imóvel,Baixo Risco
54,1496.98,Ruim,14,Própria,Casado,2,8861.44,Negócio,Alto Risco
49,4070.3,Excelente,14,Própria,Casado,0,12526.36,Pessoal,Baixo Risco
26,4415.88,Ruim,3,Própria,Solteiro,0,11511.39,Pessoal,Alto Risco
58,4339.69,Regular,8,Alugada,Casado,1,24965.67,Pessoal,Baixo Risco
52,5121.17,Bom,18,Própria,Viúvo,1,9228.56,Negócio,Baixo Risco
36,4750.88,Ruim,23,Familiar,Casado,1,28804.21,Imóvel,Alto Risco
65,4188.77,Bom,16,Própria,Casado,1,21018.42,Imóvel,Baixo Risco
33,3394.75,Ruim,10,Própria,Divorciado,1,29567.19,Pessoal,Alto Risco
20,1008.56,Excelente,24,Alugada,Casado,1,20317.11,Educação,Alto Risco
37,4144.43,Regular,8,Financiada,Casado,1,13231.64,Educação,Baixo Risco
41,3811.53,Regular,9,Própria,Casado,0,7661.07,Imóvel,Baixo Risco
50,3907.37,Excelente,17,Própria,Casado,0,12156.71,Veículo,Baixo Risco
41,1584.88,Bom,19,Familiar,Solteiro,2,26898.25,Pessoal,Alto Risco
69,1878.42,Excelente,12,Própria,Casado,0,14616.49,Imóvel,Alto Risco
28,5079.73,Bom,7,Própria,Casado,0,20287.36,Imóvel,Baixo Risco
66,3440.67,Bom,6,Financiada,Casado,0,16655.77,Pessoal,Baixo Risco
25,4522.25,Regular,16,Própria,Casado,0,16997.29,Imóvel,Baixo Risco
53,3542.48,Bom,20,Alugada,Casado,2,17305.28,Pessoal,Baixo Risco
55,3544.63,Bom,22,Própria,Solteiro,1,18962.73,Educação,Baixo Risco
57,4907.43,Regular,14,Própria,Casado,1,8487.14,Veículo,Baixo Risco
37,2725.93,Excelente,19,Própria,Solteiro,4,12800.77,Pessoal,Baixo Risco
52,3644.18,Ruim,14,Própria,Casado,1,17474.51,Veículo,Alto Risco
65,2806.59,Ruim,0,Própria,Divorciado,2,16307.9,Veículo,Alto Risco
42,2848.26,Regular,24,Própria,Casado,1,11310.36,Pessoal,Baixo Risco
52,3036.24,Regular,13,Financiada,Casado,4,18332.81,Educação,Alto Risco
42,3833.2,Ruim,4,Própria,Solteiro,4,8830.87,Pessoal,Alto Risco
46,2781.88,Excelente,10,Alugada,Solteiro,3,5215.95,Veículo,Baixo Risco
35,5383.63,Excelente,15,Financiada,Casado,0,17359.89,Pessoal,Baixo Risco
63,2158.09,Bom,1,Alugada,Solteiro,1,5412.07,Pessoal,Alto Risco
35,3219.69,Regular,7,Própria,Casado,0,17240.99,Pessoal,Baixo Risco
19,2840.4,Excelente,10,Familiar,Solteiro,0,1000.0,Pessoal,Baixo Risco
52,5670.47,Regular,17,Própria,Divorciado,1,9200.1,Imóvel,Baixo Risco
33,3794.83,Ruim,2,Própria,Casado,1,12379.38,Pessoal,Alto Risco
58,5047.77,Ruim,0,Financiada,Solteiro,4,2146.92,Imóvel,Alto Risco
53,1271.66,Regular,10,Alugada,Divorciado,2,12018.62,Pessoal,Alto Risco
50,3900.58,Excelente,15,Alugada,Solteiro,0,24480.16,Pessoal,Baixo Risco
21,4834.45,Ruim,17,Própria,Solteiro,1,4837.53,Veículo,Alto Risco
50,3623.43,Regular,15,Alugada,Casado,1,12237.01,Educação,Baixo Risco
31,5098.22,Excelente,22,Própria,Casado,1,28621.16,Imóvel,Baixo Risco
38,2724.07,Excelente,9,Familiar,Casado,0,6505.11,Educação,Baixo Risco
65,5614.02,Ruim,17,Própria,Solteiro,1,26177.79,Pessoal,Alto Risco
37,6948.35,Regular,5,Financiada,Casado,3,12767.96,Educação,Baixo Risco
25,2955.74,Ruim,18,Alugada,Solteiro,1,15815.3,Pessoal,Alto Risco
24,2831.75,Ruim,3,Financiada,Solteiro,0,25331.86,Pessoal,Alto Risco
20,5680.08,Regular,12,Financiada,Divorciado,1,11119.22,Imóvel,Baixo Risco
34,5869.36,Regular,23,Alugada,Casado,0,20048.21,Veículo,Baixo Risco
50,2715.71,Bom,13,Própria,Solteiro,2,22076.78,Negócio,Baixo Risco
65,2869.72,Bom,2,Própria,Casado,0,9793.49,Pessoal,Alto Risco
29,3077.32,Bom,9,Própria,Solteiro,1,8908.56,Negócio,Baixo Risco
68,1483.32,Regular,5,Financiada,Divorciado,1,13171.18,Imóvel,Alto Risco
39,2122.02,Regular,0,Financiada,Solteiro,2,13421.48,Imóvel,Alto Risco
39,1993.79,Ruim,22,Alugada,Solteiro,2,6368.42,Pessoal,Alto Risco
63,2348.3,Bom,23,Própria,Casado,1,9867.2,Pessoal,Baixo Risco
47,3447.97,Regular,13,Própria,Casado,0,1000.0,Negócio,Baixo Risco
55,3851.32,Regular,7,Alugada,Casado,2,12325.82,Veículo,Baixo Risco
55,5825.75,Regular,18,Alugada,Solteiro,1,22155.15,Imóvel,Baixo Risco
62,2002.47,Regular,13,Financiada,Solteiro,3,1666.49,Negócio,Baixo Risco
68,4976.48,Bom,9,Familiar,Casado,2,11294.84,Pessoal,Baixo Risco
25,3179.02,Regular,16,Própria,Solteiro,0,34538.66,Imóvel,Alto Risco
44,3425.8,Excelente,8,Alugada,Divorciado,1,14819.52,Imóvel,Baixo Risco
44,4512.23,Bom,5,Alugada,Solteiro,0,25854.35,Pessoal,Baixo Risco
51,1815.92,Bom,10,Própria,Casado,0,6904.68,Pessoal,Baixo Risco
38,4073.61,Regular,24,Própria,Casado,2,18590.55,Veículo,Baixo Risco
47,3749.68,Ruim,6,Própria,Solteiro,2,5542.25,Veículo,Baixo Risco
50,4238.68,Regular,16,Financiada,Casado,0,18208.52,Imóvel,Baixo Risco
45,3933.75,Regular,0,Alugada,Divorciado,3,21737.99,Pessoal,Alto Risco
64,7182.95,Regular,21,Alugada,Solteiro,0,19839.81,Negócio,Baixo Risco
50,2543.39,Regular,4,Familiar,Divorciado,2,12240.5,Pessoal,Alto Risco
22,2703.5,Excelente,8,Financiada,Casado,0,17199.47,Imóvel,Baixo Risco
65,2565.29,Bom,17,Própria,Solteiro,2,17275.94,Imóvel,Alto Risco
36,2666.78,Bom,23,Alugada,Casado,2,20327.92,Pessoal,Baixo Risco
21,2543.92,Bom,20,Alugada,Solteiro,3,14009.86,Pessoal,Alto Risco
52,5283.52,Excelente,1,Financiada,Casado,0,22449.11,Educação,Baixo Risco
66,5630.76,Excelente,10,Financiada,Casado,0,26476.84,Educação,Baixo Risco
34,2643.88,Bom,5,Alugada,Divorciado,3,12457.06,Pessoal,Baixo Risco
61,2251.47,Ruim,7,Própria,Viúvo,2,15371.52,Veículo,Alto Risco
45,4207.12,Bom,3,Financiada,Casado,2,7761.48,Veículo,Baixo Risco
47,2671.67,Bom,17,Própria,Casado,2,17722.06,Pessoal,Baixo Risco
46,4449.4,Excelente,10,Própria,Solteiro,1,17773.1,Imóvel,Baixo Risco
63,3804.38,Regular,4,Própria,Casado,3,15463.89,Educação,Alto Risco
23,1226.38,Bom,14,Própria,Solteiro,2,16067.2,Veículo,Alto Risco
52,5821.26,Bom,17,Própria,Casado,3,30374.61,Negócio,Baixo Risco
58,6193.82,Regular,1,Financiada,Casado,1,1000.0,Pessoal,Baixo Risco
54,2580.82,Excelente,21,Familiar,Solteiro,1,11026.74,Imóvel,Baixo Risco
41,2918.45,Excelente,10,Própria,Solteiro,0,12250.21,Veículo,Baixo Risco
46,3928.8,Bom,24,Própria,Casado,0,26655.3,Veículo,Baixo Risco
66,4001.69,Excelente,12,Própria,Casado,0,18802.31,Veículo,Baixo Risco
63,4487.82,Excelente,3,Própria,Casado,1,18997.49,Pessoal,Baixo Risco
48,6515.31,Bom,21,Própria,Casado,3,25078.85,Imóvel,Baixo Risco
52,3234.58,Ruim,6,Familiar,Casado,1,13560.35,Imóvel,Alto Risco
50,2302.55,Regular,10,Própria,Casado,1,20218.61,Pessoal,Alto Risco
69,1431.02,Regular,21,Alugada,Solteiro,0,10753.87,Educação,Alto Risco
38,2403.6,Bom,23,Própria,Solteiro,1,6573.55,Veículo,Baixo Risco
49,3450.31,Ruim,3,Financiada,Casado,2,29353.34,Imóvel,Alto Risco
40,6191.84,Bom,14,Financiada,Casado,1,17952.25,Pessoal,Baixo Risco
50,2723.58,Excelente,0,Familiar,Solteiro,1,20157.3,Pessoal,Alto Risco
20,3835.68,Regular,22,Financiada,Casado,2,6358.6,Veículo,Baixo Risco
35,3475.37,Excelente,2,Própria,Solteiro,4,19082.82,Imóvel,Baixo Risco
42,5282.59,Bom,13,Própria,Casado,1,29225.86,Imóvel,Baixo Risco
59,7290.4,Regular,5,Alugada,Casado,0,12780.4,Veículo,Baixo Risco
48,2703.7,Ruim,17,Própria,Casado,2,4953.6,Pessoal,Alto Risco
20,2765.84,Bom,24,Alugada,Divorciado,0,16471.81,Veículo,Alto Risco
57,5066.24,Regular,0,Própria,Solteiro,1,6712.82,Imóvel,Baixo Risco
63,4522.84,Ruim,5,Própria,Viúvo,0,2537.61,Imóvel,Alto Risco
41,6270.06,Excelente,5,Alugada,Casado,0,9121.87,Pessoal,Baixo Risco
67,4375.89,Bom,20,Alugada,Casado,1,11059.22,Pessoal,Baixo Risco
49,2961.06,Bom,15,Financiada,Casado,0,7102.0,Educação,Baixo Risco
64,4385.98,Bom,4,Própria,Casado,1,25611.73,Pessoal,Alto Risco
39,5163.06,Bom,16,Alugada,Casado,5,30116.88,Pessoal,Baixo Risco
40,4730.72,Ruim,9,Própria,Casado,2,19944.7,Pessoal,Alto Risco
19,4260.91,Regular,20,Própria,Solteiro,0,18073.56,Veículo,Baixo Risco
44,5100.01,Regular,17,Alugada,Solteiro,2,13863.62,Veículo,Baixo Risco
59,5253.94,Bom,6,Própria,Casado,2,7829.34,Imóvel,Baixo Risco
19,5573.24,Ruim,2,Própria,Solteiro,3,27823.28,Pessoal,Alto Risco
43,4473.06,Ruim,12,Própria,Casado,3,14497.17,Imóvel,Alto Risco
34,3249.32,Ruim,14,Própria,Solteiro,2,11299.32,Pessoal,Alto Risco
57,3720.07,Excelente,19,Própria,Casado,0,23118.05,Educação,Baixo Risco
50,5309.76,Regular,18,Própria,Divorciado,2,14411.33,Imóvel,Baixo Risco
26,2274.6,Excelente,2,Própria,Divorciado,0,22818.35,Imóvel,Alto Risco
60,4053.01,Bom,3,Própria,Casado,0,11722.01,Pessoal,Baixo Risco
65,2909.99,Excelente,4,Alugada,Casado,1,23141.1,Pessoal,Alto Risco
56,3543.12,Regular,0,Própria,Divorciado,1,22838.14,Veículo,Alto Risco
46,5417.68,Regular,3,Própria,Casado,2,25598.63,Imóvel,Baixo Risco
59,3786.65,Excelente,11,Própria,Solteiro,4,9324.6,Pessoal,Baixo Risco
43,3569.65,Bom,23,Alugada,Divorciado,0,14335.68,Negócio,Baixo Risco
52,1460.22,Bom,9,Financiada,Casado,1,30582.16,Negócio,Alto Risco
67,4619.38,Bom,22,Financiada,Casado,1,13028.7,Veículo,Baixo Risco
42,4468.23,Excelente,24,Financiada,Solteiro,2,21488.21,Negócio,Baixo Risco
41,6744.88,Bom,20,Alugada,Solteiro,1,33324.52,Pessoal,Baixo Risco
30,3038.33,Regular,19,Alugada,Divorciado,0,1000.0,Pessoal,Baixo Risco
24,3828.73,Excelente,23,Alugada,Casado,3,12763.55,Pessoal,Baixo Risco
53,3874.08,Excelente,24,Própria,Solteiro,2,15014.96,Imóvel,Baixo Risco
62,5866.18,Bom,12,Própria,Solteiro,3,1000.0,Pessoal,Baixo Risco
37,3357.06,Ruim,22,Própria,Casado,2,11352.23,Negócio,Alto Risco
18,3918.53,Regular,13,Familiar,Casado,2,7228.95,Pessoal,Baixo Risco
25,4411.84,Regular,22,Alugada,Solteiro,0,21861.48,Veículo,Baixo Risco
63,3779.91,Bom,4,Financiada,Divorciado,1,1138.82,Educação,Baixo Risco
33,2830.35,Regular,3,Própria,Solteiro,3,30114.58,Pessoal,Alto Risco
31,3791.13,Excelente,13,Alugada,Casado,3,20519.18,Pessoal,Baixo Risco
29,5110.45,Regular,9,Própria,Casado,1,6569.43,Imóvel,Baixo Risco
68,1960.23,Ruim,16,Própria,Solteiro,3,23211.36,Pessoal,Alto Risco
40,3699.45,Regular,9,Financiada,Divorciado,2,19775.84,Pessoal,Baixo Risco
32,2449.82,Ruim,6,Alugada,Casado,1,14689.86,Pessoal,Alto Risco
45,5292.57,Regular,15,Própria,Casado,0,9228.34,Veículo,Baixo Risco
51,1215.22,Excelente,0,Financiada,Solteiro,0,19381.31,Negócio,Alto Risco
19,2661.62,Ruim,16,Própria,Solteiro,0,15983.36,Educação,Alto Risco
49,4065.82,Excelente,20,Familiar,Solteiro,1,9486.08,Pessoal,Baixo Risco
40,5848.29,Regular,8,Própria,Casado,0,4253.96,Veículo,Baixo Risco
39,3401.37,Excelente,5,Própria,Casado,3,8195.29,Veículo,Baixo Risco
68,2667.2,Excelente,18,Própria,Divorciado,1,10973.62,Negócio,Baixo Risco
42,6321.74,Bom,12,Própria,Casado,1,24299.9,Pessoal,Baixo Risco
39,1327.98,Bom,2,Própria,Divorciado,1,21886.07,Veículo,Alto Risco
39,1000.0,Bom,6,Alugada,Casado,2,11399.46,Imóvel,Alto Risco
66,4160.02,Regular,21,Financiada,Solteiro,0,11710.45,Negócio,Baixo Risco
69,2746.92,Excelente,8,Financiada,Solteiro,3,22930.82,Pessoal,Baixo Risco
59,1968.15,Excelente,21,Própria,Casado,2,17138.77,Pessoal,Baixo Risco
23,4562.53,Regular,4,Alugada,Solteiro,3,17027.32,Pessoal,Alto Risco
32,3865.7,Bom,9,Própria,Solteiro,1,9373.0,Pessoal,Baixo Risco
60,2653.88,Regular,22,Própria,Casado,1,14012.65,Imóvel,Alto Risco
54,1579.54,Regular,16,Alugada,Divorciado,0,15034.09,Imóvel,Alto Risco
50,4808.69,Ruim,11,Alugada,Solteiro,1,14270.47,Imóvel,Baixo Risco
25,4475.3,Regular,22,Própria,Casado,2,20872.54,Pessoal,Baixo Risco
61,3351.24,Bom,15,Própria,Divorciado,2,21122.83,Pessoal,Baixo Risco
61,6269.96,Regular,2,Familiar,Casado,3,7648.34,Pessoal,Baixo Risco
22,1894.87,Bom,24,Própria,Solteiro,1,10998.28,Pessoal,Alto Risco
56,1211.71,Bom,21,Alugada,Solteiro,1,9501.01,Educação,Alto Risco
21,2462.14,Regular,8,Alugada,Casado,0,26108.21,Pessoal,Alto Risco
23,3431.62,Bom,14,Própria,Casado,3,33027.92,Pessoal,Baixo Risco
62,3865.01,Regular,4,Própria,Divorciado,0,11291.03,Veículo,Baixo Risco
49,3138.15,Ruim,22,Própria,Casado,1,13663.24,Veículo,Alto Risco
69,4028.08,Ruim,12,Financiada,Solteiro,2,21738.52,Veículo,Alto Risco
47,1622.69,Ruim,13,Alugada,Solteiro,1,9342.31,Educação,Alto Risco
64,5665.65,Bom,19,Alugada,Casado,0,21919.27,Pessoal,Baixo Risco
52,3376.77,Bom,14,Familiar,Solteiro,1,14833.05,Imóvel,Baixo Risco
57,5175.94,Regular,15,Financiada,Solteiro,4,1050.08,Veículo,Baixo Risco
69,4014.09,Bom,22,Alugada,Casado,0,4596.53,Veículo,Baixo Risco
33,4185.13,Regular,12,Alugada,Solteiro,1,12297.17,Negócio,Baixo Risco
30,4354.65,Regular,16,Alugada,Solteiro,2,24783.59,Pessoal,Baixo Risco
67,4171.56,Regular,22,Alugada,Casado,2,7859.72,Imóvel,Baixo Risco
59,4464.08,Bom,7,Alugada,Solteiro,1,10727.2,Pessoal,Baixo Risco
47,5493.73,Excelente,20,Alugada,Solteiro,0,16688.99,Veículo,Baixo Risco
36,3794.78,Bom,1,Própria,Casado,1,1649.88,Educação,Baixo Risco
34,4563.51,Excelente,4,Alugada,Divorciado,0,17388.43,Educação,Baixo Risco
36,3365.4,Ruim,5,Própria,Solteiro,2,2650.08,Educação,Baixo Risco
45,5660.18,Bom,11,Própria,Casado,1,19537.47,Imóvel,Baixo Risco
43,2485.41,Excelente,17,Própria,Casado,1,8529.78,Pessoal,Baixo Risco
54,6201.41,Excelente,21,Alugada,Casado,2,7463.61,Imóvel,Baixo Risco
43,3439.76,Regular,21,Alugada,Divorciado,1,17182.37,Imóvel,Baixo Risco
40,1353.84,Regular,0,Própria,Casado,1,21351.92,Pessoal,Alto Risco
26,3692.16,Bom,16,Alugada,Divorciado,1,18010.08,Veículo,Baixo Risco
29,2478.42,Excelente,10,Alugada,Solteiro,0,16661.15,Educação,Baixo Risco
18,4760.97,Bom,9,Própria,Solteiro,2,16774.42,Veículo,Baixo Risco
18,2521.06,Bom,18,Alugada,Divorciado,2,18058.58,Veículo,Alto Risco
64,2830.72,Regular,13,Financiada,Casado,1,18584.29,Educação,Alto Risco
51,1000.0,Regular,9,Financiada,Solteiro,2,11845.75,Pessoal,Alto Risco
49,2821.54,Bom,14,Alugada,Casado,0,20236.02,Pessoal,Baixo Risco
65,1000.0,Bom,18,Alugada,Divorciado,2,8614.48,Imóvel,Alto Risco
42,1124.15,Ruim,3,Própria,Divorciado,2,23731.15,Veículo,Alto Risco
57,4640.62,Bom,1,Própria,Solteiro,2,21259.55,Imóvel,Baixo Risco
62,4678.7,Regular,8,Própria,Divorciado,0,32447.21,Pessoal,Alto Risco
18,4138.19,Excelente,9,Familiar,Solteiro,2,19110.79,Pessoal,Baixo Risco
33,2049.54,Bom,10,Própria,Solteiro,1,22272.8,Pessoal,Alto Risco
56,3428.43,Excelente,13,Própria,Casado,1,2515.69,Negócio,Baixo Risco
22,3494.6,Regular,6,Financiada,Solteiro,1,22533.57,Veículo,Alto Risco
39,1762.45,Ruim,22,Familiar,Solteiro,2,24411.65,Veículo,Alto Risco
46,5755.1,Bom,14,Financiada,Casado,0,27037.77,Pessoal,Baixo Risco
20,4816.04,Excelente,21,Própria,Solteiro,0,15963.73,Pessoal,Baixo Risco
29,3168.55,Excelente,18,Própria,Solteiro,2,12264.85,Veículo,Baixo Risco
43,3540.33,Bom,21,Própria,Solteiro,1,6283.88,Pessoal,Baixo Risco
33,3812.57,Excelente,14,Própria,Casado,1,7015.71,Veículo,Baixo Risco
68,1000.0,Excelente,23,Própria,Casado,0,14795.15,Veículo,Alto Risco
54,3129.23,Regular,7,Alugada,Casado,0,1000.0,Educação,Baixo Risco
39,2477.02,Bom,10,Familiar,Casado,2,8854.25,Imóvel,Baixo Risco
46,1997.57,Bom,8,Própria,Casado,0,15716.18,Veículo,Alto Risco
31,3078.35,Ruim,14,Alugada,Divorciado,0,15537.63,Pessoal,Alto Risco
45,6196.53,Excelente,0,Alugada,Solteiro,0,7244.85,Imóvel,Baixo Risco
22,4461.26,Ruim,0,Própria,Solteiro,1,5129.09,Imóvel,Alto Risco
64,2643.23,Bom,18,Alugada,Divorciado,1,6323.9,Pessoal,Baixo Risco
66,4358.87,Ruim,2,Própria,Casado,0,13233.18,Negócio,Alto Risco
47,5599.03,Regular,9,Própria,Viúvo,0,32038.38,Pessoal,Baixo Risco
63,4886.95,Ruim,7,Financiada,Casado,0,23482.71,Pessoal,Alto Risco
69,3589.45,Ruim,14,Própria,Casado,1,16713.56,Pessoal,Alto Risco
22,2529.59,Bom,9,Familiar,Casado,1,19431.13,Negócio,Alto Risco
29,4547.33,Ruim,0,Própria,Casado,3,23126.92,Veículo,Alto Risco
33,4090.23,Bom,17,Alugada,Casado,2,20404.95,Educação,Baixo Risco
43,4842.79,Bom,1,Alugada,Casado,2,12534.32,Pessoal,Baixo Risco
43,4452.76,Bom,18,Própria,Casado,0,8235.29,Veículo,Baixo Risco
65,5074.33,Regular,12,Própria,Divorciado,0,13997.81,Veículo,Baixo Risco
38,2697.15,Excelente,21,Alugada,Solteiro,1,23033.93,Educação,Baixo Risco
56,5476.09,Regular,0,Financiada,Solteiro,2,12836.87,Pessoal,Baixo Risco
53,3796.4,Regular,1,Financiada,Casado,2,6162.59,Pessoal,Baixo Risco
50,6612.89,Regular,15,Alugada,Casado,4,1212.42,Pessoal,Baixo Risco
47,2466.22,Ruim,14,Financiada,Divorciado,2,14031.75,Educação,Alto Risco
54,6103.95,Bom,12,Alugada,Solteiro,2,6794.86,Veículo,Baixo Risco
40,3796.87,Bom,15,Financiada,Casado,2,11507.87,Veículo,Baixo Risco
27,2522.87,Bom,16,Alugada,Casado,1,26649.86,Veículo,Alto Risco
22,2774.17,Excelente,20,Alugada,Casado,0,14569.2,Negócio,Baixo Risco
53,3019.48,Excelente,6,Financiada,Divorciado,2,8996.31,Educação,Baixo Risco
51,4136.25,Bom,23,Própria,Solteiro,2,17470.01,Imóvel,Baixo Risco
69,4284.25,Bom,16,Financiada,Casado,2,30367.64,Pessoal,Baixo Risco
48,2639.45,Ruim,6,Alugada,Viúvo,2,14034.43,Pessoal,Alto Risco
27,3463.47,Regular,12,Própria,Divorciado,0,1000.0,Negócio,Baixo Risco
36,6713.41,Bom,4,Própria,Casado,2,20200.61,Veículo,Baixo Risco
49,6091.31,Regular,16,Própria,Casado,2,17771.44,Pessoal,Baixo Risco
18,4154.49,Excelente,2,Alugada,Solteiro,0,15720.98,Veículo,Baixo Risco
22,3557.01,Bom,6,Financiada,Casado,1,13246.58,Negócio,Baixo Risco
62,3680.05,Regular,16,Própria,Divorciado,0,8541.82,Veículo,Baixo Risco
21,4420.28,Bom,6,Financiada,Casado,1,27119.79,Imóvel,Baixo Risco
33,1965.81,Bom,20,Financiada,Solteiro,1,1000.0,Educação,Baixo Risco
41,3113.94,Ruim,0,Própria,Solteiro,2,12528.31,Veículo,Alto Risco
33,1000.0,Ruim,16,Financiada,Solteiro,2,12341.28,Pessoal,Alto Risco
19,4098.83,Regular,16,Familiar,Solteiro,1,21827.53,Negócio,Alto Risco
66,4470.79,Regular,10,Financiada,Solteiro,0,24885.29,Negócio,Alto Risco
45,2775.22,Regular,24,Financiada,Casado,1,13186.13,Educação,Baixo Risco
49,5860.98,Bom,2,Familiar,Solteiro,0,16543.73,Imóvel,Baixo Risco
44,1661.35,Bom,14,Alugada,Solteiro,1,17223.89,Pessoal,Alto Risco
37,1303.44,Excelente,20,Própria,Casado,0,23426.61,Negócio,Alto Risco
41,3836.68,Bom,10,Financiada,Solteiro,0,23261.84,Pessoal,Baixo Risco
29,5070.65,Regular,15,Alugada,Solteiro,2,10692.69,Educação,Baixo Risco
67,6025.89,Bom,24,Alugada,Solteiro,4,18503.21,Negócio,Baixo Risco
52,2811.67,Ruim,21,Própria,Solteiro,1,18066.01,Imóvel,Alto Risco
50,5118.02,Ruim,8,Financiada,Casado,0,14072.72,Educação,Baixo Risco
50,3442.24,Regular,23,Própria,Solteiro,0,17990.25,Educação,Baixo Risco
68,3241.06,Regular,23,Familiar,Casado,2,15161.5,Pessoal,Baixo Risco
60,4825.49,Ruim,0,Própria,Divorciado,0,16263.12,Imóvel,Alto Risco
54,4478.48,Excelente,24,Própria,Casado,2,4151.95,Pessoal,Baixo Risco
29,1135.41,Regular,21,Alugada,Casado,5,7656.31,Veículo,Alto Risco
20,5714.81,Excelente,15,Própria,Divorciado,0,21542.04,Pessoal,Baixo Risco
18,5570.14,Regular,8,Alugada,Casado,1,5315.3,Veículo,Baixo Risco
50,2561.66,Bom,18,Familiar,Solteiro,1,18760.87,Educação,Baixo Risco
57,4093.71,Ruim,11,Financiada,Casado,2,14348.59,Negócio,Alto Risco
27,4241.05,Ruim,18,Própria,Divorciado,2,23245.24,Veículo,Alto Risco
60,3891.01,Excelente,21,Própria,Solteiro,0,20190.4,Veículo,Baixo Risco
61,2674.54,Bom,8,Financiada,Solteiro,1,11373.77,Veículo,Baixo Risco
46,2492.56,Ruim,6,Familiar,Casado,2,13214.01,Negócio,Alto Risco
30,3461.67,Bom,13,Alugada,Divorciado,2,1000.0,Veículo,Baixo Risco
29,5259.09,Ruim,18,Alugada,Solteiro,1,13956.82,Imóvel,Baixo Risco
48,4315.4,Regular,18,Própria,Casado,1,4838.81,Negócio,Baixo Risco
63,2944.08,Bom,1,Financiada,Solteiro,2,13250.35,Veículo,Alto Risco
19,4657.55,Bom,8,Alugada,Casado,2,9896.65,Negócio,Baixo Risco
68,1000.0,Bom,12,Própria,Solteiro,3,7986.97,Negócio,Alto Risco
67,5223.15,Regular,14,Própria,Solteiro,1,24501.8,Negócio,Baixo Risco
52,1000.0,Bom,2,Financiada,Divorciado,2,4790.31,Pessoal,Alto Risco
40,2956.34,Regular,10,Própria,Casado,0,7295.48,Veículo,Baixo Risco
34,1820.5,Bom,20,Própria,Casado,1,9414.31,Educação,Alto Risco
43,1557.98,Regular,13,Alugada,Casado,1,11151.06,Veículo,Alto Risco
25,5241.24,Ruim,24,Própria,Solteiro,0,7985.77,Imóvel,Baixo Risco
46,2798.45,Ruim,7,Própria,Casado,2,12126.81,Pessoal,Alto Risco
43,4019.76,Bom,17,Financiada,Solteiro,1,17417.23,Pessoal,Baixo Risco
27,3429.62,Ruim,18,Financiada,Casado,1,20358.87,Veículo,Alto Risco
43,4215.56,Regular,15,Financiada,Solteiro,2,19970.46,Imóvel,Baixo Risco
51,3615.23,Regular,1,Financiada,Casado,0,1000.0,Veículo,Baixo Risco
68,1575.51,Ruim,7,Alugada,Divorciado,0,18041.57,Imóvel,Alto Risco
58,4994.4,Bom,21,Financiada,Viúvo,2,18535.19,Veículo,Baixo Risco
24,2759.37,Excelente,5,Própria,Casado,1,9700.81,Imóvel,Baixo Risco
21,1165.13,Ruim,11,Alugada,Solteiro,2,28341.47,Imóvel,Alto Risco
67,2857.83,Bom,14,Familiar,Casado,1,23701.33,Veículo,Alto Risco
62,5751.14,Ruim,24,Própria,Divorciado,3,13535.8,Veículo,Alto Risco
28,4775.33,Ruim,7,Própria,Solteiro,0,10232.25,Pessoal,Baixo Risco
46,2977.02,Excelente,3,Alugada,Viúvo,2,28211.56,Veículo,Baixo Risco
53,2976.11,Ruim,14,Própria,Solteiro,3,14847.89,Imóvel,Alto Risco
42,3017.55,Bom,19,Própria,Viúvo,1,15680.3,Veículo,Baixo Risco
38,6615.12,Regular,24,Financiada,Divorciado,0,15579.65,Veículo,Baixo Risco
53,4072.9,Regular,16,Familiar,Divorciado,2,33424.84,Imóvel,Baixo Risco
27,4145.06,Ruim,12,Alugada,Solteiro,0,13267.88,Pessoal,Alto Risco
54,5045.43,Excelente,17,Própria,Solteiro,0,14810.86,Negócio,Baixo Risco
26,3858.18,Bom,1,Própria,Casado,2,8351.5,Pessoal,Baixo Risco
41,3111.44,Regular,12,Financiada,Solteiro,2,11884.0,Negócio,Baixo Risco
52,3205.48,Regular,12,Alugada,Solteiro,0,6748.86,Veículo,Baixo Risco
66,3392.6,Regular,21,Própria,Casado,2,8514.13,Veículo,Baixo Risco
52,3444.17,Excelente,14,Alugada,Casado,3,1000.0,Pessoal,Baixo Risco
65,4591.44,Bom,19,Própria,Casado,1,22052.2,Pessoal,Baixo Risco
53,3577.92,Bom,9,Alugada,Casado,3,16253.97,Pessoal,Baixo Risco
35,4598.96,Ruim,2,Financiada,Solteiro,0,16912.87,Pessoal,Alto Risco
66,3378.93,Bom,18,Alugada,Viúvo,0,14580.49,Imóvel,Baixo Risco
56,3617.95,Bom,2,Alugada,Solteiro,1,15574.13,Veículo,Baixo Risco
49,1000.0,Ruim,21,Própria,Casado,1,27953.11,Educação,Alto Risco
41,4874.49,Excelente,13,Financiada,Casado,1,8849.82,Pessoal,Baixo Risco
40,4019.73,Ruim,7,Alugada,Divorciado,2,17226.85,Negócio,Alto Risco
49,4997.02,Regular,22,Própria,Solteiro,0,17183.93,Veículo,Baixo Risco
54,1000.0,Ruim,3,Alugada,Casado,0,24135.91,Pessoal,Alto Risco
29,6632.56,Bom,19,Própria,Casado,1,18509.24,Veículo,Baixo Risco
66,3290.62,Excelente,10,Financiada,Solteiro,3,18911.35,Pessoal,Baixo Risco
30,5162.27,Regular,10,Alugada,Casado,1,4933.84,Pessoal,Baixo Risco
40,1940.14,Ruim,10,Familiar,Divorciado,2,8528.78,Veículo,Alto Risco
42,4419.16,Regular,1,Própria,Viúvo,1,5664.89,Imóvel,Baixo Risco
52,1919.88,Excelente,16,Financiada,Solteiro,1,1000.0,Negócio,Baixo Risco
58,2564.35,Regular,8,Alugada,Solteiro,2,18177.59,Veículo,Alto Risco
47,6371.05,Regular,1,Financiada,Solteiro,2,12906.97,Negócio,Baixo Risco
34,3213.98,Regular,23,Própria,Casado,3,18192.57,Negócio,Baixo Risco
66,3826.15,Regular,14,Alugada,Solteiro,0,15283.91,Educação,Baixo Risco
37,4805.1,Ruim,15,Financiada,Solteiro,3,16923.49,Veículo,Alto Risco
65,4243.52,Regular,24,Própria,Viúvo,0,25704.92,Pessoal,Alto Risco
42,3725.63,Excelente,3,Própria,Divorciado,1,15058.36,Pessoal,Baixo Risco
39,4047.44,Bom,7,Alugada,Solteiro,0,20351.91,Imóvel,Baixo Risco
30,7105.12,Excelente,8,Alugada,Solteiro,2,12582.05,Veículo,Baixo Risco
36,3413.57,Bom,4,Própria,Casado,1,21598.3,Pessoal,Baixo Risco
66,3801.65,Bom,15,Própria,Solteiro,2,5082.9,Veículo,Baixo Risco
53,5075.98,Excelente,12,Própria,Casado,1,1000.0,Pessoal,Baixo Risco
29,5158.29,Bom,6,Financiada,Casado,2,31853.28,Imóvel,Baixo Risco
58,5280.55,Excelente,19,Alugada,Divorciado,1,29690.43,Pessoal,Baixo Risco
36,4458.1,Ruim,16,Financiada,Casado,2,1000.0,Imóvel,Baixo Risco
29,1785.49,Ruim,2,Familiar,Casado,2,14711.09,Educação,Alto Risco
26,5950.15,Excelente,4,Alugada,Casado,1,16199.33,Pessoal,Baixo Risco
24,1780.48,Ruim,18,Própria,Solteiro,1,20783.77,Veículo,Alto Risco
45,3953.95,Regular,11,Própria,Casado,1,28913.67,Educação,Baixo Risco
31,2368.59,Bom,6,Própria,Casado,1,6508.72,Pessoal,Baixo Risco
48,3403.79,Excelente,8,Familiar,Solteiro,1,6938.55,Pessoal,Baixo Risco
69,3993.14,Regular,5,Alugada,Solteiro,0,14990.63,Veículo,Baixo Risco
36,3982.04,Regular,16,Própria,Solteiro,0,7291.38,Imóvel,Baixo Risco
64,4132.88,Regular,15,Própria,Divorciado,2,1000.0,Imóvel,Baixo Risco
33,5920.57,Excelente,22,Alugada,Solteiro,0,13182.08,Pessoal,Baixo Risco
22,4180.3,Excelente,2,Alugada,Solteiro,1,21860.35,Veículo,Baixo Risco
52,3133.77,Bom,20,Própria,Casado,1,14836.26,Pessoal,Baixo Risco
29,4946.13,Bom,3,Familiar,Casado,1,19992.36,Educação,Baixo Risco
42,5284.21,Bom,9,Alugada,Solteiro,2,18848.05,Veículo,Baixo Risco
69,1658.59,Bom,4,Própria,Viúvo,0,6784.11,Educação,Alto Risco
38,4396.1,Ruim,20,Financiada,Divorciado,2,15544.17,Veículo,Alto Risco
53,4551.76,Ruim,21,Própria,Casado,0,2798.71,Imóvel,Baixo Risco
40,3053.65,Bom,9,Familiar,Casado,1,10904.71,Veículo,Baixo Risco
33,5563.56,Ruim,11,Familiar,Solteiro,1,15403.63,Imóvel,Baixo Risco
56,3274.92,Bom,9,Financiada,Solteiro,3,14990.78,Veículo,Baixo Risco
62,3688.36,Bom,12,Financiada,Casado,1,4672.52,Educação,Baixo Risco
59,3240.39,Bom,10,Própria,Solteiro,1,6288.04,Veículo,Baixo Risco
56,3523.37,Regular,21,Familiar,Solteiro,0,17327.68,Veículo,Baixo Risco
31,1855.59,Ruim,15,Alugada,Casado,1,21619.15,Veículo,Alto Risco
48,1339.92,Regular,7,Financiada,Solteiro,3,13344.26,Educação,Alto Risco
22,5891.76,Bom,7,Familiar,Divorciado,2,12943.79,Imóvel,Baixo Risco
52,2229.56,Regular,24,Familiar,Solteiro,1,22450.21,Veículo,Alto Risco
40,2012.91,Excelente,7,Financiada,Casado,2,8823.47,Imóvel,Baixo Risco
46,1000.0,Ruim,12,Própria,Casado,1,28816.24,Imóvel,Alto Risco
60,2541.56,Regular,1,Familiar,Casado,1,4237.82,Negócio,Alto Risco
28,1515.37,Bom,11,Alugada,Solteiro,0,23387.97,Educação,Alto Risco
35,5963.02,Regular,9,Familiar,Casado,1,19313.34,Imóvel,Baixo Risco
64,5014.73,Regular,11,Alugada,Divorciado,1,34280.96,Veículo,Alto Risco
29,2467.77,Excelente,10,Própria,Casado,1,6030.65,Educação,Baixo Risco
26,6878.65,Regular,14,Própria,Casado,2,1000.0,Imóvel,Baixo Risco
27,4972.65,Bom,15,Alugada,Casado,0,24995.57,Negócio,Baixo Risco
61,3012.75,Regular,16,Financiada,Casado,1,3229.33,Pessoal,Baixo Risco
34,1000.0,Ruim,1,Própria,Casado,1,19926.21,Pessoal,Alto Risco
55,6936.41,Ruim,17,Alugada,Divorciado,3,24457.21,Pessoal,Alto Risco
24,1415.64,Regular,11,Própria,Solteiro,0,18038.09,Imóvel,Alto Risco
63,1031.9,Regular,18,Financiada,Casado,1,16857.45,Negócio,Alto Risco
30,5033.86,Excelente,22,Alugada,Casado,0,18207.52,Pessoal,Baixo Risco
57,7159.63,Regular,17,Própria,Casado,0,21699.38,Imóvel,Baixo Risco
59,5576.41,Bom,16,Própria,Divorciado,2,19696.55,Imóvel,Baixo Risco
26,4345.86,Bom,5,Própria,Viúvo,0,5267.33,Imóvel,Baixo Risco
67,4392.13,Bom,24,Alugada,Casado,3,29600.0,Veículo,Baixo Risco
44,4780.12,Excelente,14,Própria,Solteiro,0,15408.86,Educação,Baixo Risco
19,4638.39,Regular,2,Própria,Solteiro,1,19146.73,Pessoal,Alto Risco
22,3921.79,Excelente,5,Familiar,Casado,2,20687.91,Educação,Baixo Risco
46,3656.3,Regular,2,Financiada,Divorciado,4,24247.42,Pessoal,Alto Risco
54,3406.11,Bom,0,Alugada,Solteiro,1,23416.85,Veículo,Alto Risco
55,2369.05,Excelente,12,Familiar,Solteiro,3,16053.89,Educação,Baixo Risco
36,3078.99,Regular,20,Própria,Solteiro,0,15539.73,Pessoal,Baixo Risco
25,1000.0,Excelente,13,Alugada,Divorciado,0,18268.89,Pessoal,Alto Risco
65,3352.49,Bom,12,Alugada,Solteiro,1,23800.49,Imóvel,Baixo Risco
62,2017.11,Regular,3,Alugada,Casado,1,6099.03,Veículo,Alto Risco
18,1844.62,Excelente,6,Própria,Casado,1,20152.76,Veículo,Alto Risco
39,3769.84,Ruim,21,Alugada,Divorciado,1,7909.42,Pessoal,Baixo Risco
69,5588.0,Excelente,9,Alugada,Casado,2,29809.71,Pessoal,Baixo Risco
34,4877.47,Bom,6,Financiada,Casado,1,17938.51,Veículo,Baixo Risco
24,1144.25,Regular,20,Própria,Solteiro,1,11671.78,Pessoal,Alto Risco
42,2015.56,Bom,14,Própria,Casado,1,18429.73,Negócio,Baixo Risco
62,4911.16,Excelente,14,Própria,Casado,3,15073.61,Pessoal,Baixo Risco
21,2026.27,Bom,3,Própria,Viúvo,1,13718.5,Veículo,Alto Risco
53,3163.05,Bom,22,Alugada,Solteiro,1,1000.0,Pessoal,Baixo Risco
23,4325.08,Ruim,22,Própria,Solteiro,4,6806.46,Pessoal,Alto Risco
48,2047.48,Bom,5,Financiada,Solteiro,1,13876.38,Imóvel,Baixo Risco
36,3658.06,Regular,23,Própria,Casado,3,1493.17,Imóvel,Baixo Risco
61,1498.96,Ruim,19,Própria,Divorciado,0,10302.59,Pessoal,Alto Risco
56,2597.95,Bom,4,Alugada,Solteiro,1,11001.0,Pessoal,Baixo Risco
44,3979.67,Ruim,19,Própria,Casado,0,8764.46,Pessoal,Baixo Risco
27,1110.51,Bom,11,Alugada,Solteiro,0,21178.84,Educação,Alto Risco
43,4160.71,Ruim,0,Alugada,Solteiro,2,7958.65,Imóvel,Alto Risco
36,3470.54,Excelente,7,Própria,Casado,1,15707.27,Pessoal,Baixo Risco
56,4328.73,Regular,0,Própria,Solteiro,0,12174.69,Veículo,Baixo Risco
20,3835.87,Bom,4,Própria,Casado,1,14049.62,Imóvel,Baixo Risco
62,5546.21,Bom,21,Própria,Casado,2,27851.21,Educação,Baixo Risco
30,3687.84,Regular,5,Própria,Casado,2,16437.49,Negócio,Baixo Risco
67,2855.89,Regular,20,Própria,Solteiro,1,17984.26,Veículo,Alto Risco
45,3683.45,Excelente,2,Própria,Viúvo,2,8876.66,Pessoal,Baixo Risco
37,4314.95,Excelente,14,Alugada,Casado,1,20009.2,Pessoal,Baixo Risco
45,3573.29,Regular,4,Alugada,Casado,0,19671.76,Educação,Alto Risco
25,3560.89,Regular,23,Alugada,Solteiro,2,18900.87,Negócio,Baixo Risco
58,2447.01,Ruim,13,Própria,Solteiro,1,5326.59,Veículo,Alto Risco
56,2505.65,Regular,17,Própria,Solteiro,1,10318.02,Veículo,Baixo Risco
18,1396.09,Ruim,15,Financiada,Solteiro,1,26468.64,Veículo,Alto Risco
20,6124.37,Regular,5,Alugada,Casado,1,9498.04,Veículo,Baixo Risco
30,1634.21,Bom,24,Financiada,Divorciado,0,27559.9,Pessoal,Alto Risco
45,2460.64,Excelente,23,Própria,Casado,0,10628.83,Imóvel,Baixo Risco
66,2422.39,Regular,13,Alugada,Solteiro,0,16185.73,Pessoal,Alto Risco
42,4842.39,Regular,23,Alugada,Casado,1,13502.65,Pessoal,Baixo Risco
50,3057.58,Excelente,7,Própria,Solteiro,4,8241.56,Imóvel,Baixo Risco
55,5371.61,Bom,6,Alugada,Casado,0,8356.73,Pessoal,Baixo Risco
23,2489.76,Ruim,7,Alugada,Casado,1,9366.06,Pessoal,Alto Risco
61,3918.49,Regular,12,Própria,Casado,3,16184.51,Pessoal,Baixo Risco
62,2246.98,Bom,5,Própria,Viúvo,1,22123.34,Educação,Alto Risco
49,6717.72,Bom,17,Financiada,Solteiro,1,15665.25,Educação,Baixo Risco
62,1718.6,Bom,1,Familiar,Casado,3,14732.97,Pessoal,Alto Risco
64,3964.73,Bom,7,Própria,Divorciado,1,24683.02,Veículo,Baixo Risco
38,4450.67,Bom,10,Própria,Casado,2,15330.71,Pessoal,Baixo Risco
33,4120.7,Excelente,0,Própria,Casado,0,10657.09,Imóvel,Baixo Risco
38,3222.07,Regular,21,Alugada,Divorciado,0,7018.07,Imóvel,Baixo Risco
28,3305.27,Bom,5,Própria,Solteiro,0,25163.58,Educação,Baixo Risco
54,3565.72,Ruim,15,Familiar,Divorciado,2,12364.82,Veículo,Alto Risco
53,3279.5,Ruim,19,Própria,Solteiro,2,10371.41,Negócio,Alto Risco
52,4945.82,Bom,11,Própria,Casado,2,9679.65,Negócio,Baixo Risco
36,6815.78,Regular,10,Alugada,Divorciado,1,24713.52,Educação,Baixo Risco
37,2663.76,Bom,9,Financiada,Solteiro,0,10416.21,Imóvel,Baixo Risco
35,1445.3,Ruim,2,Alugada,Casado,1,22923.7,Veículo,Alto Risco
64,3367.58,Bom,12,Alugada,Solteiro,2,13156.74,Veículo,Baixo Risco
58,7369.56,Regular,2,Familiar,Viúvo,1,5332.96,Pessoal,Baixo Risco
66,2294.49,Regular,14,Própria,Divorciado,3,12340.07,Pessoal,Alto Risco
31,5958.68,Bom,15,Financiada,Casado,3,14737.65,Imóvel,Baixo Risco
32,6016.55,Excelente,12,Própria,Casado,1,14078.63,Imóvel,Baixo Risco
48,2669.62,Regular,16,Financiada,Divorciado,0,13880.13,Negócio,Alto Risco
18,4353.47,Regular,2,Alugada,Casado,1,12424.44,Pessoal,Baixo Risco
20,5942.59,Bom,19,Própria,Casado,3,8719.92,Pessoal,Baixo Risco
33,2931.31,Regular,10,Financiada,Casado,0,15085.9,Educação,Alto Risco
40,3194.63,Bom,20,Própria,Casado,4,19327.59,Veículo,Baixo Risco
28,2627.48,Regular,18,Própria,Solteiro,2,3299.23,Pessoal,Baixo Risco
29,1977.86,Excelente,21,Alugada,Solteiro,1,25392.5,Negócio,Alto Risco
27,2526.08,Ruim,10,Própria,Solteiro,0,1000.0,Educação,Alto Risco
49,1664.09,Bom,15,Alugada,Divorciado,1,15601.99,Veículo,Alto Risco
33,3551.13,Bom,20,Própria,Casado,1,18728.7,Educação,Baixo Risco
25,2345.04,Excelente,2,Própria,Casado,0,10173.18,Imóvel,Baixo Risco
55,3850.68,Excelente,21,Própria,Casado,0,1000.0,Educação,Baixo Risco
29,1166.16,Regular,5,Própria,Solteiro,0,14226.21,Educação,Alto Risco
41,3996.32,Bom,13,Alugada,Solteiro,0,16357.57,Pessoal,Baixo Risco
45,4750.29,Ruim,23,Financiada,Casado,1,5810.25,Imóvel,Baixo Risco
25,1000.0,Excelente,17,Familiar,Casado,3,8358.93,Pessoal,Baixo Risco
45,4061.08,Bom,16,Financiada,Divorciado,0,22701.7,Pessoal,Baixo Risco
53,5341.5,Bom,3,Própria,Casado,5,15941.45,Negócio,Baixo Risco
43,1685.54,Excelente,22,Alugada,Casado,1,2930.58,Veículo,Baixo Risco
25,6008.86,Excelente,14,Própria,Casado,2,18598.64,Imóvel,Baixo Risco
67,4128.53,Bom,10,Própria,Divorciado,3,7555.85,Educação,Baixo Risco
45,2442.48,Bom,2,Alugada,Casado,2,8801.9,Negócio,Baixo Risco
45,3416.35,Bom,2,Própria,Solteiro,1,16581.26,Educação,Baixo Risco
54,4337.49,Regular,15,Própria,Casado,1,15835.92,Veículo,Baixo Risco
58,3614.01,Regular,4,Familiar,Casado,0,11779.15,Veículo,Baixo Risco
53,4308.13,Excelente,20,Alugada,Casado,0,10966.33,Pessoal,Baixo Risco
44,2118.99,Bom,9,Alugada,Solteiro,2,12993.61,Veículo,Baixo Risco
34,3754.04,Ruim,18,Própria,Divorciado,0,8755.25,Veículo,Baixo Risco
26,1379.43,Regular,24,Própria,Viúvo,2,23712.1,Imóvel,Alto Risco
50,3333.16,Regular,3,Financiada,Solteiro,0,2446.45,Imóvel,Baixo Risco
37,2144.14,Bom,18,Própria,Divorciado,3,13072.97,Negócio,Baixo Risco
30,2396.71,Regular,10,Alugada,Solteiro,1,3324.76,Imóvel,Baixo Risco
45,5354.14,Regular,1,Própria,Solteiro,0,22488.01,Imóvel,Alto Risco
65,5136.97,Regular,9,Alugada,Solteiro,1,13061.52,Veículo,Baixo Risco
46,4413.71,Ruim,10,Própria,Solteiro,0,6546.65,Pessoal,Baixo Risco
30,1861.53,Excelente,24,Financiada,Divorciado,3,20480.38,Pessoal,Alto Risco
63,3025.39,Excelente,19,Financiada,Solteiro,0,1000.0,Educação,Baixo Risco
52,5319.65,Regular,15,Financiada,Solteiro,2,17247.07,Pessoal,Baixo Risco
23,3712.58,Ruim,18,Própria,Solteiro,0,24210.31,Imóvel,Alto Risco
35,6978.99,Excelente,22,Financiada,Solteiro,0,16436.35,Imóvel,Baixo Risco
68,4089.98,Bom,23,Alugada,Solteiro,3,10947.92,Pessoal,Baixo Risco
22,3788.07,Excelente,10,Própria,Casado,1,5062.54,Pessoal,Baixo Risco
64,3036.33,Bom,13,Alugada,Solteiro,2,23660.12,Veículo,Baixo Risco
42,3700.31,Regular,1,Própria,Divorciado,1,22419.37,Veículo,Alto Risco
19,3271.3,Regular,22,Própria,Divorciado,0,9837.11,Educação,Baixo Risco
27,4562.16,Bom,4,Financiada,Solteiro,3,10050.9,Imóvel,Baixo Risco
47,4935.05,Bom,4,Própria,Divorciado,1,24494.14,Imóvel,Baixo Risco
67,2321.02,Excelente,18,Alugada,Solteiro,0,19252.91,Educação,Baixo Risco
62,1503.15,Bom,20,Própria,Solteiro,1,1000.0,Imóvel,Baixo Risco
22,1000.0,Regular,11,Financiada,Solteiro,1,13434.38,Negócio,Alto Risco
50,4261.99,Ruim,17,Familiar,Solteiro,2,13139.55,Pessoal,Alto Risco
18,1844.95,Ruim,3,Financiada,Casado,0,16981.08,Imóvel,Alto Risco
35,1000.0,Excelente,21,Própria,Casado,1,15048.37,Veículo,Alto Risco
49,4082.87,Ruim,16,Própria,Solteiro,0,10898.31,Pessoal,Baixo Risco
64,7239.5,Regular,9,Alugada,Casado,1,16426.88,Pessoal,Baixo Risco
66,3490.89,Regular,19,Própria,Solteiro,2,11417.78,Imóvel,Baixo Risco
28,4757.74,Bom,5,Própria,Casado,2,42313.5,Pessoal,Baixo Risco
38,3622.74,Bom,24,Alugada,Solteiro,1,15981.82,Pessoal,Baixo Risco
43,3351.67,Bom,13,Alugada,Solteiro,0,14882.4,Negócio,Baixo Risco
42,4878.61,Excelente,10,Familiar,Solteiro,0,29742.46,Educação,Baixo Risco
39,3064.59,Bom,10,Própria,Solteiro,1,4085.25,Imóvel,Baixo Risco
44,3901.09,Bom,17,Própria,Casado,2,14120.22,Educação,Baixo Risco
66,3982.55,Bom,22,Própria,Divorciado,3,7403.18,Negócio,Baixo Risco
30,2497.86,Regular,21,Familiar,Solteiro,0,20080.08,Imóvel,Alto Risco
50,4988.06,Bom,17,Financiada,Casado,1,11045.2,Pessoal,Baixo Risco
51,3237.56,Excelente,23,Financiada,Casado,1,19640.75,Educação,Baixo Risco
58,2366.38,Ruim,22,Familiar,Divorciado,0,19064.41,Imóvel,Alto Risco
52,4304.76,Ruim,10,Alugada,Solteiro,0,21242.98,Veículo,Alto Risco
18,2152.3,Regular,20,Alugada,Casado,2,19196.15,Veículo,Alto Risco
38,3542.27,Ruim,11,Própria,Divorciado,1,13207.68,Veículo,Alto Risco
65,3486.32,Regular,4,Alugada,Casado,0,3818.78,Negócio,Baixo Risco
23,5128.84,Ruim,22,Alugada,Casado,1,23072.68,Veículo,Alto Risco
45,4212.05,Excelente,8,Alugada,Solteiro,1,26272.22,Negócio,Baixo Risco
34,3462.46,Bom,24,Familiar,Solteiro,1,7497.05,Negócio,Baixo Risco
22,4726.65,Bom,8,Familiar,Casado,1,20887.02,Imóvel,Baixo Risco
48,5585.31,Excelente,21,Financiada,Casado,1,5637.1,Imóvel,Baixo Risco
22,4336.72,Excelente,9,Financiada,Solteiro,0,16627.46,Veículo,Baixo Risco
55,3515.53,Regular,21,Alugada,Casado,0,18275.36,Pessoal,Baixo Risco
20,1532.25,Regular,18,Própria,Casado,1,11590.24,Pessoal,Alto Risco
40,1902.33,Regular,0,Própria,Casado,1,15760.57,Educação,Alto Risco
54,3042.16,Excelente,6,Alugada,Casado,2,21785.63,Veículo,Baixo Risco
54,2585.73,Ruim,3,Financiada,Divorciado,0,14124.67,Pessoal,Alto Risco
27,3219.54,Regular,0,Própria,Solteiro,0,9598.9,Pessoal,Baixo Risco
27,3584.97,Bom,14,Familiar,Divorciado,1,5209.77,Negócio,Baixo Risco
36,4294.54,Regular,7,Própria,Solteiro,0,11873.89,Veículo,Baixo Risco
34,3394.25,Bom,11,Própria,Solteiro,1,5602.23,Negócio,Baixo Risco
38,4229.75,Bom,21,Alugada,Solteiro,1,11980.93,Veículo,Baixo Risco
31,3596.71,Ruim,21,Própria,Solteiro,1,11278.06,Veículo,Alto Risco
26,1000.0,Bom,17,Própria,Solteiro,2,21432.84,Pessoal,Alto Risco
63,2091.0,Bom,14,Própria,Solteiro,0,15587.8,Veículo,Alto Risco
18,3283.87,Ruim,16,Financiada,Divorciado,2,35378.08,Imóvel,Alto Risco
68,1685.46,Regular,13,Alugada,Solteiro,2,1000.0,Pessoal,Alto Risco
62,4399.89,Excelente,13,Alugada,Casado,0,17506.97,Imóvel,Baixo Risco
30,5796.13,Excelente,17,Alugada,Solteiro,3,11387.55,Imóvel,Baixo Risco
21,5328.14,Excelente,19,Própria,Divorciado,4,7351.68,Imóvel,Baixo Risco
18,3179.84,Regular,17,Familiar,Casado,1,14761.84,Educação,Baixo Risco
66,5736.09,Bom,15,Própria,Solteiro,2,14163.06,Veículo,Baixo Risco
57,3723.0,Excelente,0,Familiar,Casado,1,23622.5,Imóvel,Baixo Risco
49,2994.37,Ruim,22,Alugada,Casado,0,15730.07,Negócio,Alto Risco
51,2579.9,Regular,10,Familiar,Casado,4,9457.59,Educação,Alto Risco
45,3046.3,Bom,14,Própria,Casado,1,17673.68,Negócio,Baixo Risco
48,2917.73,Regular,11,Alugada,Casado,5,13162.79,Veículo,Alto Risco
25,3755.62,Regular,7,Própria,Casado,0,5996.17,Educação,Baixo Risco
56,3740.86,Excelente,21,Própria,Casado,1,13011.64,Imóvel,Baixo Risco
43,3504.57,Bom,19,Alugada,Solteiro,0,16847.54,Pessoal,Baixo Risco
51,4155.41,Ruim,5,Própria,Divorciado,3,15578.26,Educação,Alto Risco
20,5285.97,Bom,2,Alugada,Casado,1,17642.5,Imóvel,Baixo Risco
67,4924.33,Regular,23,Própria,Casado,0,10788.12,Pessoal,Baixo Risco
29,1272.65,Bom,12,Própria,Solteiro,0,17540.9,Pessoal,Alto Risco
18,1000.0,Excelente,12,Financiada,Casado,1,15960.93,Educação,Alto Risco
61,4901.48,Excelente,1,Alugada,Viúvo,1,16025.84,Pessoal,Baixo Risco
22,1449.68,Bom,4,Alugada,Solteiro,5,15258.85,Pessoal,Alto Risco
47,3162.85,Bom,16,Alugada,Casado,0,32408.75,Veículo,Baixo Risco
47,1744.83,Excelente,5,Financiada,Casado,0,23881.01,Pessoal,Alto Risco
34,1000.0,Ruim,1,Própria,Divorciado,2,17363.13,Negócio,Alto Risco
65,4312.19,Ruim,3,Alugada,Casado,2,8598.34,Veículo,Alto Risco
64,4638.73,Regular,21,Familiar,Solteiro,1,12661.34,Imóvel,Baixo Risco
40,2635.23,Ruim,10,Financiada,Divorciado,1,27926.31,Negócio,Alto Risco
32,1000.0,Bom,7,Alugada,Casado,1,10496.5,Veículo,Alto Risco
54,2680.63,Ruim,11,Alugada,Solteiro,2,13674.16,Veículo,Alto Risco
38,4087.71,Excelente,7,Financiada,Solteiro,0,13228.77,Educação,Baixo Risco
31,1281.63,Ruim,10,Alugada,Casado,3,17943.1,Veículo,Alto Risco
19,3775.04,Ruim,21,Própria,Solteiro,1,11506.83,Veículo,Alto Risco
28,3477.04,Regular,19,Própria,Solteiro,2,16414.86,Imóvel,Baixo Risco
68,4368.94,Ruim,7,Financiada,Divorciado,5,11685.46,Educação,Alto Risco
56,3679.37,Regular,7,Própria,Solteiro,0,25516.09,Educação,Baixo Risco
55,2040.4,Bom,16,Financiada,Casado,2,9509.78,Negócio,Baixo Risco
51,5294.86,Bom,19,Própria,Solteiro,2,22821.16,Educação,Baixo Risco
55,3262.21,Regular,19,Alugada,Casado,1,10318.91,Educação,Baixo Risco
67,3459.04,Excelente,22,Própria,Casado,0,8170.03,Educação,Baixo Risco
51,2100.1,Regular,15,Própria,Solteiro,0,9393.66,Pessoal,Baixo Risco
35,2835.08,Ruim,13,Familiar,Casado,2,1308.51,Veículo,Alto Risco
47,2172.8,Excelente,10,Financiada,Solteiro,2,18508.79,Imóvel,Baixo Risco
32,3240.58,Regular,6,Alugada,Divorciado,3,5688.19,Imóvel,Baixo Risco
44,6067.56,Ruim,15,Alugada,Divorciado,2,12136.64,Pessoal,Baixo Risco
68,1442.15,Ruim,12,Alugada,Casado,1,21092.97,Veículo,Alto Risco
51,1079.66,Ruim,14,Alugada,Casado,2,20834.82,Veículo,Alto Risco
69,5706.76,Regular,23,Alugada,Solteiro,2,3546.73,Imóvel,Baixo Risco
55,3186.01,Ruim,15,Própria,Casado,2,17484.35,Educação,Alto Risco
50,2496.39,Regular,20,Alugada,Casado,1,24123.95,Negócio,Alto Risco
41,5059.86,Excelente,22,Financiada,Solteiro,0,9905.26,Educação,Baixo Risco
32,2591.58,Bom,23,Familiar,Casado,1,19108.59,Educação,Baixo Risco
47,6239.01,Regular,8,Própria,Solteiro,1,5853.76,Veículo,Baixo Risco
59,4516.89,Bom,2,Financiada,Casado,1,18085.26,Veículo,Baixo Risco
68,2768.13,Regular,18,Alugada,Solteiro,3,16050.17,Veículo,Alto Risco
34,6735.96,Regular,19,Alugada,Casado,1,20289.18,Imóvel,Baixo Risco
22,2591.43,Excelente,4,Própria,Solteiro,2,19793.17,Pessoal,Alto Risco
46,4613.14,Regular,9,Alugada,Solteiro,1,4172.13,Imóvel,Baixo Risco
21,3948.94,Regular,16,Própria,Casado,3,16092.43,Imóvel,Baixo Risco
27,5452.61,Bom,14,Própria,Viúvo,1,26623.31,Veículo,Baixo Risco
34,5842.27,Excelente,22,Financiada,Casado,2,1000.0,Negócio,Baixo Risco
27,3548.01,Excelente,24,Financiada,Solteiro,1,22735.41,Imóvel,Baixo Risco
34,2369.87,Bom,7,Alugada,Solteiro,4,27813.64,Pessoal,Alto Risco
37,4189.96,Ruim,14,Familiar,Divorciado,0,3122.92,Veículo,Baixo Risco
41,2483.43,Bom,20,Própria,Casado,1,9634.41,Imóvel,Baixo Risco
22,6520.08,Regular,13,Própria,Solteiro,0,19141.95,Veículo,Baixo Risco
51,3704.8,Bom,19,Alugada,Divorciado,1,7911.0,Pessoal,Baixo Risco
23,2952.02,Bom,6,Própria,Divorciado,5,25916.63,Imóvel,Alto Risco
19,3777.02,Ruim,20,Própria,Viúvo,0,23471.17,Negócio,Alto Risco
30,1479.31,Regular,22,Própria,Divorciado,3,3920.29,Veículo,Baixo Risco
60,2042.58,Excelente,11,Própria,Divorciado,1,9055.54,Negócio,Baixo Risco
60,5300.62,Bom,16,Financiada,Solteiro,2,21158.69,Educação,Baixo Risco
65,2514.66,Excelente,16,Própria,Solteiro,1,20845.28,Pessoal,Baixo Risco
28,1929.63,Bom,9,Alugada,Casado,1,32747.52,Imóvel,Alto Risco
68,4304.98,Regular,18,Própria,Casado,1,7960.94,Veículo,Baixo Risco
64,5278.56,Excelente,13,Alugada,Casado,0,26673.74,Pessoal,Baixo Risco
40,4578.43,Bom,10,Própria,Casado,1,7688.69,Imóvel,Baixo Risco
33,4994.07,Bom,1,Financiada,Casado,1,19002.57,Imóvel,Baixo Risco
48,2364.81,Ruim,17,Alugada,Casado,5,22138.74,Pessoal,Alto Risco
28,1367.28,Ruim,6,Própria,Solteiro,0,1000.0,Negócio,Alto Risco
33,5752.0,Excelente,11,Alugada,Solteiro,3,22289.65,Educação,Baixo Risco
25,3015.98,Regular,1,Própria,Casado,1,26076.56,Negócio,Alto Risco
21,3123.75,Bom,19,Alugada,Casado,2,23767.05,Veículo,Baixo Risco
57,5492.29,Bom,17,Própria,Solteiro,2,31426.71,Negócio,Baixo Risco
21,4334.35,Regular,5,Familiar,Casado,0,22721.42,Veículo,Alto Risco
42,4183.83,Ruim,23,Própria,Casado,4,10702.36,Pessoal,Alto Risco
20,6747.5,Ruim,9,Alugada,Casado,0,24912.09,Educação,Alto Risco
49,2534.72,Regular,19,Própria,Solteiro,1,10248.27,Imóvel,Baixo Risco
20,4891.76,Bom,14,Própria,Casado,3,15659.34,Imóvel,Baixo Risco
44,3585.52,Regular,4,Alugada,Solteiro,1,21654.27,Veículo,Alto Risco
46,3902.89,Bom,19,Familiar,Divorciado,0,18584.65,Pessoal,Baixo Risco
49,5792.7,Regular,2,Própria,Solteiro,2,25809.06,Imóvel,Baixo Risco
67,4261.75,Bom,4,Própria,Casado,1,34909.4,Veículo,Alto Risco
68,4307.44,Regular,24,Própria,Solteiro,3,5901.09,Imóvel,Baixo Risco
36,5108.76,Bom,7,Própria,Casado,2,12373.31,Veículo,Baixo Risco
38,2952.57,Excelente,7,Própria,Casado,0,17531.03,Negócio,Baixo Risco
22,2241.19,Ruim,7,Alugada,Solteiro,1,11294.47,Imóvel,Alto Risco
35,1932.79,Excelente,11,Própria,Casado,2,14394.35,Imóvel,Baixo Risco
45,1000.0,Regular,23,Própria,Solteiro,1,21206.56,Negócio,Alto Risco
59,6584.31,Bom,22,Financiada,Solteiro,0,20143.27,Imóvel,Baixo Risco
39,1845.19,Excelente,7,Própria,Casado,2,16978.66,Pessoal,Baixo Risco
38,3168.12,Excelente,10,Própria,Solteiro,1,16181.84,Pessoal,Baixo Risco
23,3084.78,Excelente,13,Própria,Divorciado,2,13209.04,Imóvel,Baixo Risco
18,3961.11,Ruim,7,Alugada,Casado,3,26236.18,Pessoal,Alto Risco
22,4723.61,Bom,23,Própria,Casado,1,28307.11,Imóvel,Baixo Risco
58,4790.71,Ruim,9,Alugada,Solteiro,0,23150.51,Pessoal,Alto Risco
29,2625.38,Regular,6,Própria,Casado,3,5804.99,Pessoal,Baixo Risco
43,3249.32,Bom,16,Alugada,Casado,0,12902.32,Veículo,Baixo Risco
63,3923.87,Regular,3,Própria,Solteiro,1,16597.33,Negócio,Alto Risco
51,3126.96,Regular,12,Alugada,Divorciado,0,7474.44,Imóvel,Baixo Risco
66,5911.02,Regular,3,Financiada,Solteiro,1,15632.67,Negócio,Baixo Risco
31,4236.46,Bom,4,Alugada,Divorciado,0,15177.77,Negócio,Baixo Risco
43,4602.32,Bom,21,Própria,Solteiro,1,23673.11,Pessoal,Baixo Risco
62,4494.32,Ruim,3,Própria,Divorciado,0,11013.68,Veículo,Alto Risco
44,5260.21,Ruim,17,Própria,Casado,1,24306.42,Educação,Alto Risco
26,3771.53,Ruim,5,Própria,Solteiro,1,7341.06,Educação,Baixo Risco
43,1554.75,Bom,23,Própria,Solteiro,1,8457.29,Veículo,Alto Risco
64,4099.53,Regular,23,Financiada,Casado,0,11965.1,Negócio,Baixo Risco
39,2522.96,Bom,22,Própria,Viúvo,2,15382.98,Pessoal,Baixo Risco
64,2707.07,Bom,21,Alugada,Solteiro,1,1000.0,Pessoal,Baixo Risco
47,4379.55,Bom,1,Alugada,Solteiro,2,18674.38,Imóvel,Baixo Risco
60,5357.42,Regular,22,Alugada,Casado,2,28674.74,Veículo,Baixo Risco
65,3531.91,Excelente,10,Própria,Casado,2,20210.16,Pessoal,Baixo Risco
34,3963.25,Bom,13,Financiada,Casado,2,13314.64,Veículo,Baixo Risco
43,6053.32,Ruim,4,Própria,Casado,1,6323.27,Pessoal,Alto Risco
53,3861.13,Bom,5,Financiada,Solteiro,2,1000.0,Imóvel,Baixo Risco
18,7402.52,Excelente,9,Financiada,Divorciado,1,1855.81,Educação,Baixo Risco
25,4348.26,Excelente,7,Financiada,Casado,0,13953.28,Educação,Baixo Risco
66,1000.0,Ruim,13,Alugada,Solteiro,1,31855.28,Imóvel,Alto Risco
52,4630.01,Regular,23,Própria,Casado,3,1000.0,Veículo,Baixo Risco
69,4071.74,Bom,2,Própria,Casado,3,20601.74,Veículo,Alto Risco
32,5434.63,Ruim,11,Alugada,Solteiro,1,9578.28,Pessoal,Baixo Risco
64,4509.77,Ruim,15,Própria,Casado,0,12316.04,Veículo,Alto Risco
39,3292.32,Bom,22,Financiada,Solteiro,4,7498.41,Pessoal,Baixo Risco
31,1663.55,Regular,16,Própria,Casado,3,4060.49,Educação,Baixo Risco
43,3186.47,Regular,0,Própria,Divorciado,2,16005.1,Negócio,Alto Risco
45,2224.22,Regular,22,Própria,Solteiro,1,17102.43,Veículo,Alto Risco
40,2629.21,Excelente,9,Própria,Casado,3,20346.72,Imóvel,Baixo Risco
31,4382.87,Ruim,24,Alugada,Divorciado,2,1518.05,Pessoal,Baixo Risco
41,6004.86,Regular,22,Financiada,Viúvo,1,21991.78,Imóvel,Baixo Risco
19,4092.01,Bom,9,Alugada,Casado,0,22134.46,Imóvel,Baixo Risco
62,1706.18,Bom,20,Financiada,Casado,2,18395.95,Veículo,Alto Risco
43,4166.9,Excelente,23,Financiada,Casado,1,11632.31,Pessoal,Baixo Risco
31,5294.95,Excelente,1,Financiada,Divorciado,0,17467.45,Educação,Baixo Risco
68,2585.33,Regular,8,Própria,Divorciado,3,13716.41,Imóvel,Alto Risco
24,3298.97,Excelente,21,Financiada,Solteiro,0,22748.13,Educação,Baixo Risco
20,3522.03,Bom,12,Própria,Casado,2,12067.65,Educação,Baixo Risco
64,2322.65,Regular,24,Própria,Casado,0,15864.2,Negócio,Alto Risco
40,4472.42,Excelente,15,Alugada,Casado,2,1093.42,Pessoal,Baixo Risco
63,3318.58,Ruim,17,Própria,Casado,1,17442.4,Pessoal,Alto Risco
60,4129.3,Bom,18,Própria,Casado,1,9003.56,Veículo,Baixo Risco
64,2168.76,Bom,11,Própria,Viúvo,2,19099.73,Pessoal,Alto Risco
62,2843.81,Bom,7,Própria,Solteiro,1,21307.4,Veículo,Alto Risco
35,4583.57,Bom,16,Familiar,Solteiro,1,10120.22,Imóvel,Baixo Risco
55,2940.75,Excelente,14,Própria,Casado,1,15249.51,Imóvel,Baixo Risco
